province,constituency_no,form_type,vote_type,polling_station_no,district,subdistrict,total_choice_votes,eligible_voters,ballots_cast,valid_votes,invalid_votes,no_vote,choice_count,needs_review_rows
ชัยภูมิ,2,5_16,constituency,,,,1.0,,,,,,3,2
ชัยภูมิ,2,5_16_partylist,party_list,,,,525.0,,,,,,20,15
ชัยภูมิ,2,5_17,constituency,2.0,,,32.0,,,,,,8,8
ชัยภูมิ,2,5_17,constituency,7.0,,,34.0,,,,,,4,4
ชัยภูมิ,2,5_17,constituency,700.0,,,31.0,,,,,,5,0
ชัยภูมิ,2,5_17,constituency,,,,1.0,,,,,,9,13
ชัยภูมิ,2,5_17_partylist,party_list,,,,5222.0,,,,,,29,120
ชัยภูมิ,2,5_18,constituency,0.0,,,120.0,,,,,,3,4
ชัยภูมิ,2,5_18,constituency,1.0,,,16196.0,318.0,,,,,7,35
ชัยภูมิ,2,5_18,constituency,1.0,,/เทศรี,5106.0,,,,,,6,1
ชัยภูมิ,2,5_18,constituency,1.0,,แขวง/เทศบาล.ูอำเอ/ขต.,0.0,,,,,,3,3
ชัยภูมิ,2,5_18,constituency,1.0,-..,/เทศบาละะ,0.0,,,,,,1,1
ชัยภูมิ,2,5_18,constituency,1.0,...,,0.0,,,,,,1,1
ชัยภูมิ,2,5_18,constituency,1.0,...,/เทศบาล.,4.0,,,,,,5,3
ชัยภูมิ,2,5_18,constituency,1.0,.ต,/เทศบาล.นหอรอำเภอ/เขต.ต,2.0,,,,,,7,5
ชัยภูมิ,2,5_18,constituency,1.0,จัตุรัส,กุดน้ำใส,262.0,524.0,291.0,262.0,19.0,10.0,7,0
ชัยภูมิ,2,5_18,constituency,1.0,มี,,11.0,,,,,,3,0
ชัยภูมิ,2,5_18,constituency,1.0,เลือกตั้งของหนวยเือกต้งที่,,2.0,,,,,,3,2
ชัยภูมิ,2,5_18,constituency,1.0,…..,,0.0,,,,,,5,4
ชัยภูมิ,2,5_18,constituency,2.0,,,0.0,,,,,,4,5
ชัยภูมิ,2,5_18,constituency,2.0,จัตุรัส,กุดน้ำใส,58.0,,,,,,5,5
ชัยภูมิ,2,5_18,constituency,3.0,จัตุรัส,กุดน้ำใส,0.0,,,,,,5,6
ชัยภูมิ,2,5_18,constituency,4.0,จัตุรัส,กุดน้ำใส,49.0,,,,,,4,2
ชัยภูมิ,2,5_18,constituency,5.0,จัตุรัส,กุดน้ำใส,5857.0,,,,,,6,4
ชัยภูมิ,2,5_18,constituency,6.0,จัตุรัส,กุดน้ำใส,13.0,,,,,,5,2
ชัยภูมิ,2,5_18,constituency,7.0,จัตุรัส,กุดน้ำใส,7.0,,,,,,8,5
ชัยภูมิ,2,5_18,constituency,8.0,จัตุรัส,กุดน้ำใส,33.0,,,,,,6,2
ชัยภูมิ,2,5_18,constituency,9.0,,,13.0,,,,,,2,2
ชัยภูมิ,2,5_18,constituency,10.0,จัตุรัส,กุดน้ำใส,0.0,,,,,,5,3
ชัยภูมิ,2,5_18,constituency,11.0,จัตุรัส,กุดน้ำใส,12.0,,,,,,5,2
ชัยภูมิ,2,5_18,constituency,12.0,จัตุรัส,กุดน้ำใส,72.0,,,,,,5,2
ชัยภูมิ,2,5_18,constituency,13.0,จัตุรัส,กุดน้ำใส,88.0,,,,,,5,2
ชัยภูมิ,2,5_18,constituency,14.0,จัตุรัส,กุดน้ำใส,12.0,,,,,,4,1
ชัยภูมิ,2,5_18,constituency,15.0,จัตุรัส,กุดน้ำใส,6.0,,,,,,5,1
ชัยภูมิ,2,5_18,constituency,16.0,จัตุรัส,กุดน้ำใส,0.0,,,,,,5,4
ชัยภูมิ,2,5_18,constituency,17.0,จัตุรัส,กุดน้ำใส,57.0,,,,,,5,3
ชัยภูมิ,2,5_18,constituency,19.0,จัตุรัส,บ้านกอก,0.0,,,,,,3,3
ชัยภูมิ,2,5_18,constituency,20.0,จัตุรัส,บ้านกอก,328.0,0.0,,,,,2,0
ชัยภูมิ,2,5_18,constituency,21.0,จัตุรัส,บ้านกอก,0.0,21.0,,,,,3,3
ชัยภูมิ,2,5_18,constituency,22.0,จัตุรัส,บ้านกอก,0.0,,,,,,2,2
ชัยภูมิ,2,5_18,constituency,23.0,จัตุรัส,บ้านกอก,0.0,,,,,,2,2
ชัยภูมิ,2,5_18,constituency,24.0,จัตุรัส,บ้านกอก,8.0,,,,,,3,3
ชัยภูมิ,2,5_18,constituency,25.0,จัตุรัส,บ้านกอก,0.0,,,,,,1,1
ชัยภูมิ,2,5_18,constituency,26.0,จัตุรัส,บ้านกอก,32.0,,,,,,2,0
ชัยภูมิ,2,5_18,constituency,27.0,จัตุรัส,บ้านกอก,0.0,,,,,,1,1
ชัยภูมิ,2,5_18,constituency,28.0,จัตุรัส,บ้านกอก,28.0,,,,,,3,3
ชัยภูมิ,2,5_18,constituency,29.0,จัตุรัส,บ้านกอก,8.0,,,,,,3,3
ชัยภูมิ,2,5_18,constituency,30.0,จัตุรัส,บ้านกอก,0.0,,,,,,1,1
ชัยภูมิ,2,5_18,constituency,31.0,จัตุรัส,บ้านกอก,0.0,,,,,,1,1
ชัยภูมิ,2,5_18,constituency,32.0,จัตุรัส,บ้านกอก,15.0,,,,,,3,3
ชัยภูมิ,2,5_18,constituency,33.0,จัตุรัส,บ้านกอก,2.0,,,,,,4,4
ชัยภูมิ,2,5_18,constituency,35.0,จัตุรัส,บ้านขาม,191.0,20.0,,,,,2,1
ชัยภูมิ,2,5_18,constituency,36.0,จัตุรัส,บ้านขาม,0.0,,,,,,2,2
ชัยภูมิ,2,5_18,constituency,38.0,จัตุรัส,บ้านขาม,1000.0,,,,,,3,1
ชัยภูมิ,2,5_18,constituency,39.0,จัตุรัส,บ้านขาม,9.0,,,,,,4,4
ชัยภูมิ,2,5_18,constituency,40.0,จัตุรัส,บ้านขาม,431.0,5.0,,,,,2,0
ชัยภูมิ,2,5_18,constituency,41.0,จัตุรัส,บ้านขาม,0.0,,,,,,3,3
ชัยภูมิ,2,5_18,constituency,42.0,จัตุรัส,บ้านขาม,1.0,,,,,,3,3
ชัยภูมิ,2,5_18,constituency,43.0,จัตุรัส,บ้านขาม,5.0,946.0,,,,,2,1
ชัยภูมิ,2,5_18,constituency,44.0,จัตุรัส,บ้านขาม,1.0,,,,,,2,1
ชัยภูมิ,2,5_18,constituency,45.0,จัตุรัส,บ้านขาม,10.0,,,,,,2,2
ชัยภูมิ,2,5_18,constituency,46.0,จัตุรัส,บ้านขาม,41.0,,,,,,4,4
ชัยภูมิ,2,5_18,constituency,47.0,จัตุรัส,บ้านขาม,19.0,,,,,,2,2
ชัยภูมิ,2,5_18,constituency,49.0,จัตุรัส,ละหาน,15.0,,,,,,4,0
ชัยภูมิ,2,5_18,constituency,50.0,จัตุรัส,ละหาน,9.0,,,,,,6,6
ชัยภูมิ,2,5_18,constituency,51.0,จัตุรัส,ละหาน,39.0,,,,,,4,1
ชัยภูมิ,2,5_18,constituency,52.0,จัตุรัส,ละหาน,183.0,,,,,,5,4
ชัยภูมิ,2,5_18,constituency,53.0,จัตุรัส,ละหาน,2731.0,,,,,,5,1
ชัยภูมิ,2,5_18,constituency,54.0,จัตุรัส,ละหาน,148.0,,,,,,6,1
ชัยภูมิ,2,5_18,constituency,55.0,จัตุรัส,ละหาน,13.0,2.0,,,,,4,0
ชัยภูมิ,2,5_18,constituency,56.0,จัตุรัส,ละหาน,2037.0,,,,,,6,6
ชัยภูมิ,2,5_18,constituency,57.0,จัตุรัส,ละหาน,27.0,,,,,,5,2
ชัยภูมิ,2,5_18,constituency,58.0,จัตุรัส,ละหาน,8.0,,,,,,5,2
ชัยภูมิ,2,5_18,constituency,59.0,จัตุรัส,ละหาน,38.0,,,,,,5,1
ชัยภูมิ,2,5_18,constituency,60.0,จัตุรัส,ละหาน,208.0,,,,,,5,1
ชัยภูมิ,2,5_18,constituency,61.0,จัตุรัส,ละหาน,19.0,,,,,,6,3
ชัยภูมิ,2,5_18,constituency,62.0,จัตุรัส,ละหาน,0.0,,,,,,6,4
ชัยภูมิ,2,5_18,constituency,63.0,จัตุรัส,ละหาน,0.0,,,,,,4,4
ชัยภูมิ,2,5_18,constituency,64.0,จัตุรัส,ละหาน,37.0,,,,,,7,4
ชัยภูมิ,2,5_18,constituency,65.0,จัตุรัส,ละหาน,0.0,,,,,,3,3
ชัยภูมิ,2,5_18,constituency,66.0,จัตุรัส,ละหาน,6.0,,,244.0,,,5,3
ชัยภูมิ,2,5_18,constituency,67.0,จัตุรัส,ละหาน,20.0,,,,,,5,3
ชัยภูมิ,2,5_18,constituency,68.0,จัตุรัส,ละหาน,0.0,,,,,,7,5
ชัยภูมิ,2,5_18,constituency,69.0,จัตุรัส,ละหาน,2.0,,,,,,4,2
ชัยภูมิ,2,5_18,constituency,70.0,จัตุรัส,ส้มป่อย,11.0,,,,,,6,3
ชัยภูมิ,2,5_18,constituency,71.0,จัตุรัส,ส้มป่อย,18.0,,,,,,4,3
ชัยภูมิ,2,5_18,constituency,72.0,จัตุรัส,ส้มป่อย,20.0,,,,,,5,2
ชัยภูมิ,2,5_18,constituency,73.0,จัตุรัส,ส้มป่อย,2.0,,,,,,5,6
ชัยภูมิ,2,5_18,constituency,74.0,จัตุรัส,ส้มป่อย,7.0,,,,,,4,3
ชัยภูมิ,2,5_18,constituency,75.0,จัตุรัส,ส้มป่อย,0.0,,,,,,3,4
ชัยภูมิ,2,5_18,constituency,76.0,จัตุรัส,ส้มป่อย,471.0,,,,,,5,2
ชัยภูมิ,2,5_18,constituency,77.0,จัตุรัส,ส้มป่อย,0.0,,,,,,5,5
ชัยภูมิ,2,5_18,constituency,78.0,จัตุรัส,ส้มป่อย,0.0,,,,,,5,5
ชัยภูมิ,2,5_18,constituency,79.0,จัตุรัส,ส้มป่อย,0.0,,,,,,5,4
ชัยภูมิ,2,5_18,constituency,80.0,จัตุรัส,ส้มป่อย,0.0,,,,,,5,7
ชัยภูมิ,2,5_18,constituency,81.0,จัตุรัส,ส้มป่อย,6.0,,,,,,5,2
ชัยภูมิ,2,5_18,constituency,82.0,จัตุรัส,ส้มป่อย,11.0,,,,,,5,1
ชัยภูมิ,2,5_18,constituency,83.0,จัตุรัส,ส้มป่อย,0.0,43.0,,,,,6,8
ชัยภูมิ,2,5_18,constituency,84.0,จัตุรัส,ส้มป่อย,20.0,,,,,,5,1
ชัยภูมิ,2,5_18,constituency,85.0,จัตุรัส,หนองบัวบาน,2.0,,,,,,3,2
ชัยภูมิ,2,5_18,constituency,86.0,จัตุรัส,หนองบัวบาน,0.0,,,,,,3,3
ชัยภูมิ,2,5_18,constituency,96.0,จัตุรัส,หนองบัวบาน,0.0,,,,,,3,3
ชัยภูมิ,2,5_18,constituency,97.0,จัตุรัส,หนองบัวบาน,142.0,,,,,,1,0
ชัยภูมิ,2,5_18,constituency,98.0,จัตุรัส,หนองบัวบาน,347.0,,,,,,3,3
ชัยภูมิ,2,5_18,constituency,99.0,จัตุรัส,หนองบัวบาน,2280.0,,,,,,2,2
ชัยภูมิ,2,5_18,constituency,100.0,จัตุรัส,หนองบัวบาน,0.0,,,,,,1,1
ชัยภูมิ,2,5_18,constituency,101.0,จัตุรัส,หนองบัวบาน,148.0,,,,,,1,0
ชัยภูมิ,2,5_18,constituency,102.0,จัตุรัส,หนองบัวบาน,0.0,,,,,,2,2
ชัยภูมิ,2,5_18,constituency,103.0,จัตุรัส,หนองบัวโคก,0.0,,,,,,4,3
ชัยภูมิ,2,5_18,constituency,104.0,จัตุรัส,หนองบัวโคก,10.0,337.0,,,,,5,3
ชัยภูมิ,2,5_18,constituency,105.0,จัตุรัส,หนองบัวโคก,27.0,,,,,,6,3
ชัยภูมิ,2,5_18,constituency,106.0,จัตุรัส,หนองบัวโคก,2.0,,,,,,5,4
ชัยภูมิ,2,5_18,constituency,107.0,จัตุรัส,หนองบัวโคก,6.0,,,,,,6,3
ชัยภูมิ,2,5_18,constituency,108.0,จัตุรัส,หนองบัวโคก,38.0,,,,,,4,1
ชัยภูมิ,2,5_18,constituency,109.0,จัตุรัส,หนองบัวโคก,17.0,46.0,,,,,6,2
ชัยภูมิ,2,5_18,constituency,110.0,จัตุรัส,หนองบัวโคก,4.0,,,,,,4,2
ชัยภูมิ,2,5_18,constituency,111.0,จัตุรัส,หนองบัวโคก,217.0,,,,,,4,2
ชัยภูมิ,2,5_18,constituency,112.0,จัตุรัส,หนองบัวโคก,4.0,,,,,,4,2
ชัยภูมิ,2,5_18,constituency,113.0,จัตุรัส,หนองบัวโคก,48.0,,,,,,7,3
ชัยภูมิ,2,5_18,constituency,118.0,จัตุรัส,หนองบัวใหญ่,0.0,,,,,,2,2
ชัยภูมิ,2,5_18,constituency,119.0,จัตุรัส,หนองบัวใหญ่,2.0,,,,,,3,1
ชัยภูมิ,2,5_18,constituency,120.0,จัตุรัส,หนองบัวใหญ่,1.0,,,,,,3,4
ชัยภูมิ,2,5_18,constituency,121.0,จัตุรัส,หนองบัวใหญ่,0.0,,,,,,4,4
ชัยภูมิ,2,5_18,constituency,122.0,จัตุรัส,หนองบัวใหญ่,0.0,,,,,,4,4
ชัยภูมิ,2,5_18,constituency,123.0,จัตุรัส,หนองบัวใหญ่,2.0,,,,,,2,1
ชัยภูมิ,2,5_18,constituency,124.0,จัตุรัส,หนองบัวใหญ่,4.0,,,,,,4,3
ชัยภูมิ,2,5_18,constituency,130.0,จัตุรัส,หนองโดน,0.0,,,,,,2,2
ชัยภูมิ,2,5_18,constituency,131.0,จัตุรัส,หนองโดน,207509.0,,,,,,3,3
ชัยภูมิ,2,5_18,constituency,132.0,จัตุรัส,หนองโดน,71.0,,,,,,2,2
ชัยภูมิ,2,5_18,constituency,133.0,จัตุรัส,หนองโดน,18.0,,,,,,6,6
ชัยภูมิ,2,5_18,constituency,134.0,จัตุรัส,หนองโดน,7.0,,,,,,5,5
ชัยภูมิ,2,5_18,constituency,135.0,จัตุรัส,หนองโดน,15.0,,,,,,4,4
ชัยภูมิ,2,5_18,constituency,136.0,จัตุรัส,หนองโดน,0.0,,,,,,2,2
ชัยภูมิ,2,5_18,constituency,137.0,จัตุรัส,หนองโดน,14.0,,,,,,4,4
ชัยภูมิ,2,5_18,constituency,138.0,จัตุรัส,หนองโดน,5.0,,,,,,4,4
ชัยภูมิ,2,5_18,constituency,139.0,จัตุรัส,หนองโดน,0.0,,,,,,1,1
ชัยภูมิ,2,5_18,constituency,140.0,จัตุรัส,หนองโดน,0.0,,,,,,1,1
ชัยภูมิ,2,5_18,constituency,141.0,จัตุรัส,จัตุรัส ทต.บ้านกอก,0.0,,,,,,4,4
ชัยภูมิ,2,5_18,constituency,142.0,จัตุรัส,จัตุรัส ทต.บ้านกอก,0.0,,,,,,4,4
ชัยภูมิ,2,5_18,constituency,149.0,ซับใหญ่,ท่ากูบ,3.0,,,,,,2,3
ชัยภูมิ,2,5_18,constituency,150.0,ซับใหญ่,ท่ากูบ,15.0,,,,,,4,6
ชัยภูมิ,2,5_18,constituency,151.0,ซับใหญ่,ท่ากูบ,0.0,,,,,,3,4
ชัยภูมิ,2,5_18,constituency,152.0,ซับใหญ่,ท่ากูบ,2.0,,,,,,5,6
ชัยภูมิ,2,5_18,constituency,153.0,ซับใหญ่,ท่ากูบ,16.0,,,,,,4,5
ชัยภูมิ,2,5_18,constituency,154.0,ซับใหญ่,ท่ากูบ,6.0,,,,,,2,3
ชัยภูมิ,2,5_18,constituency,155.0,ซับใหญ่,ท่ากูบ,0.0,,,,,,2,2
ชัยภูมิ,2,5_18,constituency,156.0,ซับใหญ่,ท่ากูบ,10.0,,,,,,5,6
ชัยภูมิ,2,5_18,constituency,157.0,ซับใหญ่,ท่ากูบ,0.0,,,,,,3,4
ชัยภูมิ,2,5_18,constituency,158.0,ซับใหญ่,ท่ากูบ,4.0,,,,,,5,6
ชัยภูมิ,2,5_18,constituency,159.0,ซับใหญ่,ท่ากูบ,1.0,,,,,,3,4
ชัยภูมิ,2,5_18,constituency,160.0,ซับใหญ่,ท่ากูบ,0.0,,,,,,1,2
ชัยภูมิ,2,5_18,constituency,161.0,บ้านเขว้า,ชีบน,0.0,,,,,,6,9
ชัยภูมิ,2,5_18,constituency,162.0,บ้านเขว้า,ชีบน,186.0,,,,,,7,2
ชัยภูมิ,2,5_18,constituency,163.0,บ้านเขว้า,ชีบน,2.0,1.0,,,,,6,4
ชัยภูมิ,2,5_18,constituency,164.0,บ้านเขว้า,ชีบน,9.0,,,,,,7,6
ชัยภูมิ,2,5_18,constituency,165.0,บ้านเขว้า,ชีบน,49.0,,,,,,6,6
ชัยภูมิ,2,5_18,constituency,166.0,บ้านเขว้า,ชีบน,18.0,,,,,,6,3
ชัยภูมิ,2,5_18,constituency,167.0,บ้านเขว้า,ชีบน,52.0,,,,,,6,6
ชัยภูมิ,2,5_18,constituency,168.0,บ้านเขว้า,ชีบน,10.0,,,,,,7,5
ชัยภูมิ,2,5_18,constituency,169.0,บ้านเขว้า,ชีบน,32.0,,,,,,6,2
ชัยภูมิ,2,5_18,constituency,170.0,บ้านเขว้า,ชีบน,0.0,,,,,,6,6
ชัยภูมิ,2,5_18,constituency,171.0,บ้านเขว้า,ชีบน,268230.0,,,,,,6,1
ชัยภูมิ,2,5_18,constituency,172.0,บ้านเขว้า,ชีบน,50.0,,,,,,5,4
ชัยภูมิ,2,5_18,constituency,173.0,บ้านเขว้า,ชีบน,209.0,,,,,,6,1
ชัยภูมิ,2,5_18,constituency,174.0,บ้านเขว้า,ตลาดแร้ง,12.0,,,,,,7,8
ชัยภูมิ,2,5_18,constituency,175.0,บ้านเขว้า,ตลาดแร้ง,0.0,,,,,,7,7
ชัยภูมิ,2,5_18,constituency,176.0,บ้านเขว้า,ตลาดแร้ง,1.0,,,,,,7,6
ชัยภูมิ,2,5_18,constituency,177.0,บ้านเขว้า,ตลาดแร้ง,70.0,,,,,,7,2
ชัยภูมิ,2,5_18,constituency,178.0,บ้านเขว้า,ตลาดแร้ง,4453.0,4.0,,,,,7,3
ชัยภูมิ,2,5_18,constituency,179.0,บ้านเขว้า,ตลาดแร้ง,0.0,,,,,,6,6
ชัยภูมิ,2,5_18,constituency,180.0,บ้านเขว้า,ตลาดแร้ง,210974.0,6.0,,,,,7,3
ชัยภูมิ,2,5_18,constituency,181.0,บ้านเขว้า,ตลาดแร้ง,28.0,,,,,,6,4
ชัยภูมิ,2,5_18,constituency,182.0,บ้านเขว้า,ตลาดแร้ง,444.0,,,,,,6,1
ชัยภูมิ,2,5_18,constituency,183.0,บ้านเขว้า,ตลาดแร้ง,254.0,,,,,,7,2
ชัยภูมิ,2,5_18,constituency,184.0,บ้านเขว้า,ตลาดแร้ง,3.0,,,,,,7,6
ชัยภูมิ,2,5_18,constituency,185.0,บ้านเขว้า,ตลาดแร้ง,144.0,,,,,,7,7
ชัยภูมิ,2,5_18,constituency,186.0,บ้านเขว้า,ตลาดแร้ง,72.0,,,,,,6,2
ชัยภูมิ,2,5_18,constituency,187.0,บ้านเขว้า,ตลาดแร้ง,20.0,,,,,,7,0
ชัยภูมิ,2,5_18,constituency,188.0,บ้านเขว้า,ตลาดแร้ง,6.0,,,,,,5,2
ชัยภูมิ,2,5_18,constituency,189.0,บ้านเขว้า,ตลาดแร้ง,7.0,,,,,,7,3
ชัยภูมิ,2,5_18,constituency,190.0,บ้านเขว้า,ตลาดแร้ง,242.0,,,,,,7,3
ชัยภูมิ,2,5_18,constituency,191.0,บ้านเขว้า,ตลาดแร้ง,4.0,,,,,,7,5
ชัยภูมิ,2,5_18,constituency,192.0,บ้านเขว้า,ตลาดแร้ง,259438.0,,,,,,6,1
ชัยภูมิ,2,5_18,constituency,193.0,บ้านเขว้า,ตลาดแร้ง,810.0,,,,,,7,7
ชัยภูมิ,2,5_18,constituency,194.0,บ้านเขว้า,ตลาดแร้ง,243.0,,,,,,7,3
ชัยภูมิ,2,5_18,constituency,195.0,บ้านเขว้า,ตลาดแร้ง,25.0,,,,,,7,2
ชัยภูมิ,2,5_18,constituency,196.0,บ้านเขว้า,ตลาดแร้ง,81.0,,,,,,7,1
ชัยภูมิ,2,5_18,constituency,198.0,บ้านเขว้า,ตลาดแร้ง,4.0,,,,,,7,7
ชัยภูมิ,2,5_18,constituency,199.0,บ้านเขว้า,ตลาดแร้ง,1.0,336.0,,,,,7,9
ชัยภูมิ,2,5_18,constituency,200.0,บ้านเขว้า,ตลาดแร้ง,10.0,,,,,,7,5
ชัยภูมิ,2,5_18,constituency,201.0,บ้านเขว้า,ตลาดแร้ง,97.0,,,,,,5,2
ชัยภูมิ,2,5_18,constituency,202.0,บ้านเขว้า,ตลาดแร้ง,356.0,,,,,,7,4
ชัยภูมิ,2,5_18,constituency,203.0,บ้านเขว้า,ตลาดแร้ง,0.0,,,,,,6,8
ชัยภูมิ,2,5_18,constituency,204.0,บ้านเขว้า,ตลาดแร้ง,3010225051.0,,,,,,6,0
ชัยภูมิ,2,5_18,constituency,205.0,บ้านเขว้า,ตลาดแร้ง,222.0,,,,,,6,1
ชัยภูมิ,2,5_18,constituency,206.0,บ้านเขว้า,ตลาดแร้ง,29.0,466.0,,,,,8,4
ชัยภูมิ,2,5_18,constituency,207.0,บ้านเขว้า,ตลาดแร้ง,220.0,,,,,,7,5
ชัยภูมิ,2,5_18,constituency,208.0,บ้านเขว้า,ตลาดแร้ง,39.0,,,,,,5,3
ชัยภูมิ,2,5_18,constituency,209.0,บ้านเขว้า,ตลาดแร้ง,0.0,,,,,,6,6
ชัยภูมิ,2,5_18,constituency,210.0,บ้านเขว้า,ตลาดแร้ง,144.0,,,,,,5,4
ชัยภูมิ,2,5_18,constituency,211.0,บ้านเขว้า,ตลาดแร้ง,2.0,,,,,,6,5
ชัยภูมิ,2,5_18,constituency,212.0,บ้านเขว้า,ตลาดแร้ง,3002231.0,,,,,,6,1
ชัยภูมิ,2,5_18,constituency,213.0,บ้านเขว้า,ตลาดแร้ง,9036.0,,,,,,6,2
ชัยภูมิ,2,5_18,constituency,214.0,บ้านเขว้า,ตลาดแร้ง,0.0,2.0,,,,,7,8
ชัยภูมิ,2,5_18,constituency,215.0,บ้านเขว้า,ตลาดแร้ง,0.0,,,,,,6,6
ชัยภูมิ,2,5_18,constituency,216.0,บ้านเขว้า,ตลาดแร้ง,0.0,,,,,,7,5
ชัยภูมิ,2,5_18,constituency,217.0,บ้านเขว้า,ตลาดแร้ง,2600.0,,,,,,5,3
ชัยภูมิ,2,5_18,constituency,218.0,บ้านเขว้า,ตลาดแร้ง,6.0,4.0,,,,,7,5
ชัยภูมิ,2,5_18,constituency,219.0,บ้านเขว้า,ตลาดแร้ง,0.0,,,,,,6,6
ชัยภูมิ,2,5_18,constituency,220.0,บ้านเขว้า,ตลาดแร้ง,73.0,,,,,,7,6
ชัยภูมิ,2,5_18,constituency,222.0,บ้านเขว้า,ทุ่งทอง,14.0,,,,,,7,5
ชัยภูมิ,2,5_18,constituency,223.0,บ้านเขว้า,ทุ่งทอง,49.0,99.0,,,,,6,4
ชัยภูมิ,2,5_18,constituency,224.0,บ้านเขว้า,ทุ่งทอง,1630.0,,,,,,6,5
ชัยภูมิ,2,5_18,constituency,225.0,บ้านเขว้า,ทุ่งทอง,6.0,,,,,,6,5
ชัยภูมิ,2,5_18,constituency,226.0,บ้านเขว้า,ทุ่งทอง,3.0,9.0,,,,,7,6
ชัยภูมิ,2,5_18,constituency,227.0,บ้านเขว้า,ทุ่งทอง,3.0,3.0,,,,,5,4
ชัยภูมิ,2,5_18,constituency,228.0,บ้านเขว้า,ทุ่งทอง,9.0,,,,,,5,1
ชัยภูมิ,2,5_18,constituency,229.0,บ้านเขว้า,ทุ่งทอง,36.0,,,,,,6,4
ชัยภูมิ,2,5_18,constituency,230.0,บ้านเขว้า,บ้านเขว้า,0.0,,,,,,9,11
ชัยภูมิ,2,5_18,constituency,231.0,บ้านเขว้า,บ้านเขว้า,0.0,,,,,,7,7
ชัยภูมิ,2,5_18,constituency,232.0,บ้านเขว้า,บ้านเขว้า,40.0,,,,,,7,2
ชัยภูมิ,2,5_18,constituency,233.0,บ้านเขว้า,บ้านเขว้า,0.0,,,,,,5,5
ชัยภูมิ,2,5_18,constituency,234.0,บ้านเขว้า,บ้านเขว้า,0.0,,,,,,5,5
ชัยภูมิ,2,5_18,constituency,235.0,บ้านเขว้า,บ้านเขว้า,9526.0,,,,,,7,4
ชัยภูมิ,2,5_18,constituency,236.0,บ้านเขว้า,บ้านเขว้า,2.0,,,,,,6,5
ชัยภูมิ,2,5_18,constituency,237.0,บ้านเขว้า,บ้านเขว้า,0.0,,,,,,6,9
ชัยภูมิ,2,5_18,constituency,238.0,บ้านเขว้า,บ้านเขว้า,156.0,,,,,,6,2
ชัยภูมิ,2,5_18,constituency,239.0,บ้านเขว้า,บ้านเขว้า,288.0,8.0,,,,,5,3
ชัยภูมิ,2,5_18,constituency,240.0,บ้านเขว้า,บ้านเขว้า,0.0,,,,,,1,1
ชัยภูมิ,2,5_18,constituency,241.0,บ้านเขว้า,บ้านเขว้า,9.0,,,,,,6,8
ชัยภูมิ,2,5_18,constituency,242.0,บ้านเขว้า,บ้านเขว้า,0.0,39.0,,,,,6,5
ชัยภูมิ,2,5_18,constituency,243.0,บ้านเขว้า,บ้านเขว้า,10.0,,,,,,7,4
ชัยภูมิ,2,5_18,constituency,244.0,บ้านเขว้า,บ้านเขว้า,6.0,,,,,,6,5
ชัยภูมิ,2,5_18,constituency,245.0,บ้านเขว้า,บ้านเขว้า,8.0,,,,,,6,5
ชัยภูมิ,2,5_18,constituency,246.0,บ้านเขว้า,บ้านเขว้า,20.0,,,,,,5,3
ชัยภูมิ,2,5_18,constituency,247.0,บ้านเขว้า,บ้านเขว้า,0.0,,,,,,6,8
ชัยภูมิ,2,5_18,constituency,248.0,บ้านเขว้า,บ้านเขว้า,8.0,5.0,,,,,7,3
ชัยภูมิ,2,5_18,constituency,249.0,บ้านเขว้า,บ้านเขว้า,8.0,,,,,,7,3
ชัยภูมิ,2,5_18,constituency,250.0,บ้านเขว้า,บ้านเขว้า,0.0,,,,,,5,2
ชัยภูมิ,2,5_18,constituency,251.0,บ้านเขว้า,บ้านเขว้า,2.0,,,,,,7,6
ชัยภูมิ,2,5_18,constituency,252.0,บ้านเขว้า,บ้านเขว้า,292.0,,,,,,7,5
ชัยภูมิ,2,5_18,constituency,253.0,บ้านเขว้า,บ้านเขว้า,66.0,3.0,,,,,6,2
ชัยภูมิ,2,5_18,constituency,255.0,บ้านเขว้า,ภูแลนคา,62.0,,,,,,5,3
ชัยภูมิ,2,5_18,constituency,256.0,,,0.0,,,,,,3,3
ชัยภูมิ,2,5_18,constituency,256.0,บ้านเขว้า,ภูแลนคา,2.0,,,,,,6,5
ชัยภูมิ,2,5_18,constituency,257.0,บ้านเขว้า,ภูแลนคา,0.0,,,,,,7,6
ชัยภูมิ,2,5_18,constituency,258.0,บ้านเขว้า,ภูแลนคา,6885.0,,,,,,8,5
ชัยภูมิ,2,5_18,constituency,259.0,บ้านเขว้า,ภูแลนคา,8.0,,,,,,4,0
ชัยภูมิ,2,5_18,constituency,260.0,บ้านเขว้า,ภูแลนคา,7.0,,,,,,5,4
ชัยภูมิ,2,5_18,constituency,261.0,บ้านเขว้า,ภูแลนคา,6.0,,,,,,7,5
ชัยภูมิ,2,5_18,constituency,262.0,บ้านเขว้า,ภูแลนคา,92058.0,,,,,,5,1
ชัยภูมิ,2,5_18,constituency,263.0,บ้านเขว้า,ภูแลนคา,6.0,,,,,,5,2
ชัยภูมิ,2,5_18,constituency,264.0,บ้านเขว้า,ภูแลนคา,10.0,,,,,,7,2
ชัยภูมิ,2,5_18,constituency,265.0,บ้านเขว้า,ลุ่มลำชี แบ่งเขต,0.0,,,,,,7,8
ชัยภูมิ,2,5_18,constituency,266.0,บ้านเขว้า,ลุ่มลำชี แบ่งเขต,0.0,4.0,,,,,6,6
ชัยภูมิ,2,5_18,constituency,267.0,บ้านเขว้า,ลุ่มลำชี แบ่งเขต,12.0,,,,,,5,5
ชัยภูมิ,2,5_18,constituency,268.0,บ้านเขว้า,ลุ่มลำชี แบ่งเขต,0.0,,,,,,5,5
ชัยภูมิ,2,5_18,constituency,269.0,บ้านเขว้า,ลุ่มลำชี แบ่งเขต,1.0,,,,,,5,4
ชัยภูมิ,2,5_18,constituency,270.0,บ้านเขว้า,ลุ่มลำชี แบ่งเขต,0.0,,,,,,6,6
ชัยภูมิ,2,5_18,constituency,271.0,บ้านเขว้า,ลุ่มลำชี แบ่งเขต,511.0,,,,,,6,2
ชัยภูมิ,2,5_18,constituency,272.0,บ้านเขว้า,ลุ่มลำชี แบ่งเขต,76.0,,,,,,6,1
ชัยภูมิ,2,5_18,constituency,273.0,บ้านเขว้า,ลุ่มลำชี แบ่งเขต,50645.0,,,,,,7,1
ชัยภูมิ,2,5_18,constituency,274.0,บ้านเขว้า,ลุ่มลำชี แบ่งเขต,280.0,,,,,,5,5
ชัยภูมิ,2,5_18,constituency,275.0,บ้านเขว้า,ลุ่มลำชี แบ่งเขต,0.0,,,,,,7,7
ชัยภูมิ,2,5_18,constituency,276.0,บ้านเขว้า,ลุ่มลำชี แบ่งเขต,656.0,,,,,,7,6
ชัยภูมิ,2,5_18,constituency,277.0,บ้านเขว้า,ลุ่มลำชี แบ่งเขต,0.0,,,,,,7,7
ชัยภูมิ,2,5_18,constituency,278.0,บ้านเขว้า,ลุ่มลำชี แบ่งเขต,0.0,,,,,,6,6
ชัยภูมิ,2,5_18,constituency,279.0,บ้านเขว้า,ลุ่มลำชี แบ่งเขต,0.0,7.0,,,,,5,5
ชัยภูมิ,2,5_18,constituency,280.0,บ้านเขว้า,ลุ่มลำชี แบ่งเขต,9233.0,,,,,,7,1
ชัยภูมิ,2,5_18,constituency,281.0,บ้านเขว้า,ลุ่มลำชี แบ่งเขต,22.0,,,,,,8,5
ชัยภูมิ,2,5_18,constituency,282.0,บ้านเขว้า,ลุ่มลำชี แบ่งเขต,27.0,,,,,,6,5
ชัยภูมิ,2,5_18,constituency,283.0,บ้านเขว้า,ลุ่มลำชี แบ่งเขต,82.0,,,,,,6,2
ชัยภูมิ,2,5_18,constituency,284.0,บ้านเขว้า,ลุ่มลำชี แบ่งเขต,533.0,,,,,,7,0
ชัยภูมิ,2,5_18,constituency,285.0,บ้านเขว้า,ลุ่มลำชี แบ่งเขต,42.0,,,,,,7,4
ชัยภูมิ,2,5_18,constituency,286.0,บ้านเขว้า,ลุ่มลำชี แบ่งเขต,0.0,,,,,,5,5
ชัยภูมิ,2,5_18,constituency,287.0,บ้านเขว้า,ลุ่มลำชี แบ่งเขต,35.0,,,,,,7,3
ชัยภูมิ,2,5_18,constituency,288.0,บ้านเขว้า,โนนแดง,45.0,,,,,,7,1
ชัยภูมิ,2,5_18,constituency,289.0,บ้านเขว้า,โนนแดง,18.0,,,,,,6,4
ชัยภูมิ,2,5_18,constituency,290.0,บ้านเขว้า,โนนแดง,304.0,,,,,,6,2
ชัยภูมิ,2,5_18,constituency,291.0,บ้านเขว้า,โนนแดง,1318.0,,,,,,6,0
ชัยภูมิ,2,5_18,constituency,292.0,บ้านเขว้า,โนนแดง,2522.0,,,,,,6,0
ชัยภูมิ,2,5_18,constituency,293.0,บ้านเขว้า,โนนแดง,99.0,,,,,,7,7
ชัยภูมิ,2,5_18,constituency,294.0,บ้านเขว้า,โนนแดง,6.0,,,,,,7,0
ชัยภูมิ,2,5_18,constituency,295.0,บ้านเขว้า,โนนแดง,105.0,,,,,,6,2
ชัยภูมิ,2,5_18,constituency,296.0,บ้านเขว้า,โนนแดง,131.0,,,,,,7,0
ชัยภูมิ,2,5_18,constituency,297.0,บ้านเขว้า,โนนแดง,0.0,,,,,,7,6
ชัยภูมิ,2,5_18,constituency,298.0,เนินสง่า,กะฮาด,59.0,,,,,,7,4
ชัยภูมิ,2,5_18,constituency,299.0,เนินสง่า,กะฮาด,128.0,260.0,,,,,6,1
ชัยภูมิ,2,5_18,constituency,300.0,เนินสง่า,กะฮาด,8042.0,,,,,,7,1
ชัยภูมิ,2,5_18,constituency,301.0,เนินสง่า,กะฮาด,7.0,,,,,,7,3
ชัยภูมิ,2,5_18,constituency,302.0,เนินสง่า,กะฮาด,451.0,,,,,,7,7
ชัยภูมิ,2,5_18,constituency,303.0,เนินสง่า,กะฮาด,11.0,,,,,,7,6
ชัยภูมิ,2,5_18,constituency,304.0,เนินสง่า,กะฮาด,731530.0,,,,,,5,1
ชัยภูมิ,2,5_18,constituency,305.0,เนินสง่า,กะฮาด,46.0,,,,,,8,3
ชัยภูมิ,2,5_18,constituency,306.0,เนินสง่า,กะฮาด,74.0,,,,,,5,2
ชัยภูมิ,2,5_18,constituency,307.0,เนินสง่า,กะฮาด,9.0,,,,,,7,1
ชัยภูมิ,2,5_18,constituency,308.0,เนินสง่า,ตาเนิน,59.0,,,,,,8,3
ชัยภูมิ,2,5_18,constituency,309.0,เนินสง่า,ตาเนิน,615.0,,,,,,7,4
ชัยภูมิ,2,5_18,constituency,310.0,เนินสง่า,ตาเนิน,10.0,,,,,,7,2
ชัยภูมิ,2,5_18,constituency,311.0,เนินสง่า,ตาเนิน,100.0,,,,,,5,0
ชัยภูมิ,2,5_18,constituency,312.0,เนินสง่า,ตาเนิน,759.0,532.0,,,,,7,0
ชัยภูมิ,2,5_18,constituency,313.0,เนินสง่า,ตาเนิน,252.0,,,,,,5,1
ชัยภูมิ,2,5_18,constituency,314.0,เนินสง่า,ตาเนิน,8.0,,,,,,7,3
ชัยภูมิ,2,5_18,constituency,315.0,เนินสง่า,ตาเนิน,21.0,,,,,,6,1
ชัยภูมิ,2,5_18,constituency,316.0,เนินสง่า,ตาเนิน,6.0,,,,,,7,5
ชัยภูมิ,2,5_18,constituency,317.0,เนินสง่า,ตาเนิน,612.0,,,,,,7,1
ชัยภูมิ,2,5_18,constituency,318.0,เนินสง่า,ตาเนิน,217.0,,,,,,20,11
ชัยภูมิ,2,5_18,constituency,319.0,เนินสง่า,ตาเนิน,12547.0,,,,,,10,4
ชัยภูมิ,2,5_18,constituency,320.0,เนินสง่า,ตาเนิน,31.0,,,,,,8,1
ชัยภูมิ,2,5_18,constituency,321.0,เนินสง่า,ตาเนิน,243.0,,,,,,7,2
ชัยภูมิ,2,5_18,constituency,322.0,เนินสง่า,ตาเนิน,22.0,,,,,,7,7
ชัยภูมิ,2,5_18,constituency,323.0,เนินสง่า,ตาเนิน,73.0,66.0,,,,,6,1
ชัยภูมิ,2,5_18,constituency,324.0,เนินสง่า,รังงาม,317.0,3.0,,,,,7,1
ชัยภูมิ,2,5_18,constituency,325.0,เนินสง่า,รังงาม,82.0,,,,,,7,3
ชัยภูมิ,2,5_18,constituency,326.0,เนินสง่า,รังงาม,50.0,,,,,,19,15
ชัยภูมิ,2,5_18,constituency,327.0,เนินสง่า,รังงาม,2.0,,,,,,10,9
ชัยภูมิ,2,5_18,constituency,328.0,เนินสง่า,รังงาม,46.0,,,,,,7,4
ชัยภูมิ,2,5_18,constituency,329.0,เนินสง่า,รังงาม,15.0,,,,,,7,4
ชัยภูมิ,2,5_18,constituency,330.0,เนินสง่า,รังงาม,16.0,,,,,,7,4
ชัยภูมิ,2,5_18,constituency,331.0,เนินสง่า,รังงาม,0.0,,,,,,7,7
ชัยภูมิ,2,5_18,constituency,332.0,เนินสง่า,รังงาม,3237.0,,,,,,7,2
ชัยภูมิ,2,5_18,constituency,333.0,เนินสง่า,รังงาม,81.0,,,,,,7,2
ชัยภูมิ,2,5_18,constituency,334.0,เนินสง่า,หนองฉิม,98.0,,,,,,7,3
ชัยภูมิ,2,5_18,constituency,335.0,เนินสง่า,หนองฉิม,14.0,22.0,,,,,6,1
ชัยภูมิ,2,5_18,constituency,336.0,เนินสง่า,หนองฉิม,24.0,,,,,,6,2
ชัยภูมิ,2,5_18,constituency,337.0,เนินสง่า,หนองฉิม,9.0,,,,,,6,4
ชัยภูมิ,2,5_18,constituency,338.0,เนินสง่า,หนองฉิม,0.0,,,,,,7,7
ชัยภูมิ,2,5_18,constituency,339.0,เนินสง่า,หนองฉิม,77.0,,,,,,5,1
ชัยภูมิ,2,5_18,constituency,340.0,เนินสง่า,หนองฉิม,20.0,,,,,,7,1
ชัยภูมิ,2,5_18,constituency,341.0,เนินสง่า,หนองฉิม,780.0,,,,,,5,2
ชัยภูมิ,2,5_18,constituency,342.0,เนินสง่า,หนองฉิม,638.0,,,,,,7,1
ชัยภูมิ,2,5_18,constituency,343.0,เนินสง่า,หนองฉิม,21.0,,,,,,7,5
ชัยภูมิ,2,5_18,constituency,344.0,เนินสง่า,หนองฉิม,4.0,,,,,,7,5
ชัยภูมิ,2,5_18,constituency,345.0,เนินสง่า,หนองฉิม,4.0,,,,,,6,4
ชัยภูมิ,2,5_18,constituency,346.0,เนินสง่า,หนองฉิม,6.0,1.0,,,,,5,2
ชัยภูมิ,2,5_18,constituency,347.0,เนินสง่า,หนองฉิม,174.0,,,,,,7,1
ชัยภูมิ,2,5_18,constituency,348.0,เนินสง่า,หนองฉิม,21.0,,,,,,7,1
ชัยภูมิ,2,5_18,constituency,,,,46737.0,,,,,,25,106
ชัยภูมิ,2,5_18,constituency,,/,,523.0,,,,,,4,4
ชัยภูมิ,2,5_18,constituency,,/ชต.ัตร,,0.0,,,,,,1,1
ชัยภูมิ,2,5_18_partylist,party_list,0.0,,,0.0,,,,,,1,1
ชัยภูมิ,2,5_18_partylist,party_list,0.0,/ต.,,0.0,,,,,,3,3
ชัยภูมิ,2,5_18_partylist,party_list,1.0,,,1.0,3.0,,,,,2,2
ชัยภูมิ,2,5_18_partylist,party_list,1.0,,/เทศนาลหนงนั้งใหมี่..อำเกอ/เขต,0.0,,,,,,6,6
ชัยภูมิ,2,5_18_partylist,party_list,1.0,,/เทศบาล.,14.0,,,,,,8,8
ชัยภูมิ,2,5_18_partylist,party_list,1.0,,/เทศบาล..ดหร,10.0,,,,,,5,5
ชัยภูมิ,2,5_18_partylist,party_list,1.0,,/เทศบาล.mกนpก,448.0,,,,,,6,3
ชัยภูมิ,2,5_18_partylist,party_list,1.0,,/เทศบาล.งกเษพเง,18.0,,,,,,7,2
ชัยภูมิ,2,5_18_partylist,party_list,1.0,--.,/เทศบาล,2.0,25.0,,,,,3,3
ชัยภูมิ,2,5_18_partylist,party_list,1.0,.,/เทศบาล.อำเภ/เขต.,0.0,,,,,,9,9
ชัยภูมิ,2,5_18_partylist,party_list,1.0,..,/เทศบาลในก,0.0,,,,,,4,4
ชัยภูมิ,2,5_18_partylist,party_list,1.0,...,/เทศบาลว,2804.0,,,,,,7,2
ชัยภูมิ,2,5_18_partylist,party_list,1.0,.0.9:,,1206.0,,,,,,8,5
ชัยภูมิ,2,5_18_partylist,party_list,1.0,/เซต,,13.0,,,,,,8,5
ชัยภูมิ,2,5_18_partylist,party_list,1.0,จัตุรัส,กุดน้ำใส,20.0,,,,,,22,23
ชัยภูมิ,2,5_18_partylist,party_list,1.0,เขตเลือกต้ที่...,/ทศบาล.รู,0.0,5.0,,,,,5,5
ชัยภูมิ,2,5_18_partylist,party_list,2.0,/เซต,/เทศบาล.มวนกอก..,0.0,,,,,,6,5
ชัยภูมิ,2,5_18_partylist,party_list,2.0,จัตุรัส,กุดน้ำใส,0.0,,,,,,24,27
ชัยภูมิ,2,5_18_partylist,party_list,2.0,ล,/เทศบาลน0,0.0,,,,,,4,4
ชัยภูมิ,2,5_18_partylist,party_list,3.0,จัตุรัส,กุดน้ำใส,35.0,,,,,,24,21
ชัยภูมิ,2,5_18_partylist,party_list,4.0,จัตุรัส,กุดน้ำใส,524.0,,,,,,23,20
ชัยภูมิ,2,5_18_partylist,party_list,5.0,จัตุรัส,กุดน้ำใส,1115.0,,,,,,25,24
ชัยภูมิ,2,5_18_partylist,party_list,6.0,..,/เทศบาล.กมคาทญ่,0.0,4.0,,,,,7,7
ชัยภูมิ,2,5_18_partylist,party_list,6.0,จัตุรัส,กุดน้ำใส,388.0,,,,,,27,12
ชัยภูมิ,2,5_18_partylist,party_list,7.0,จัตุรัส,กุดน้ำใส,5101.0,,,,,,18,18
ชัยภูมิ,2,5_18_partylist,party_list,8.0,1,/เทศบาล.หนงขวินน.,4.0,,,,,,4,1
ชัยภูมิ,2,5_18_partylist,party_list,8.0,จัตุรัส,กุดน้ำใส,186.0,,,,,,22,16
ชัยภูมิ,2,5_18_partylist,party_list,9.0,จัตุรัส,กุดน้ำใส,0.0,,,,,,9,9
ชัยภูมิ,2,5_18_partylist,party_list,10.0,จัตุรัส,กุดน้ำใส,0.0,,,,,,21,24
ชัยภูมิ,2,5_18_partylist,party_list,11.0,จัตุรัส,กุดน้ำใส,18663.0,,,,,,25,23
ชัยภูมิ,2,5_18_partylist,party_list,12.0,จัตุรัส,กุดน้ำใส,0.0,,,,,,24,26
ชัยภูมิ,2,5_18_partylist,party_list,13.0,จัตุรัส,กุดน้ำใส,12.0,,,,,,25,23
ชัยภูมิ,2,5_18_partylist,party_list,14.0,จัตุรัส,กุดน้ำใส,62.0,,,,,,25,16
ชัยภูมิ,2,5_18_partylist,party_list,15.0,จัตุรัส,กุดน้ำใส,40.0,,,,,,23,20
ชัยภูมิ,2,5_18_partylist,party_list,16.0,จัตุรัส,กุดน้ำใส,28.0,,,,,,23,19
ชัยภูมิ,2,5_18_partylist,party_list,17.0,จัตุรัส,กุดน้ำใส,62.0,,,,,,25,21
ชัยภูมิ,2,5_18_partylist,party_list,18.0,จัตุรัส,บ้านกอก,2.0,,,,,,17,16
ชัยภูมิ,2,5_18_partylist,party_list,19.0,จัตุรัส,บ้านกอก,2.0,0.0,,,,,10,12
ชัยภูมิ,2,5_18_partylist,party_list,20.0,จัตุรัส,บ้านกอก,4.0,,,,,,15,14
ชัยภูมิ,2,5_18_partylist,party_list,21.0,จัตุรัส,บ้านกอก,4.0,,,,,,10,11
ชัยภูมิ,2,5_18_partylist,party_list,22.0,จัตุรัส,บ้านกอก,241.0,,,,,,16,17
ชัยภูมิ,2,5_18_partylist,party_list,23.0,จัตุรัส,บ้านกอก,0.0,,,,,,14,16
ชัยภูมิ,2,5_18_partylist,party_list,24.0,จัตุรัส,บ้านกอก,196.0,,,,,,15,15
ชัยภูมิ,2,5_18_partylist,party_list,25.0,จัตุรัส,บ้านกอก,0.0,,,,,,16,16
ชัยภูมิ,2,5_18_partylist,party_list,26.0,จัตุรัส,บ้านกอก,8.0,,,,,,19,19
ชัยภูมิ,2,5_18_partylist,party_list,27.0,จัตุรัส,บ้านกอก,80.0,,,,,,19,16
ชัยภูมิ,2,5_18_partylist,party_list,28.0,จัตุรัส,บ้านกอก,40931.0,,,,,,14,16
ชัยภูมิ,2,5_18_partylist,party_list,29.0,จัตุรัส,บ้านกอก,146.0,,,,,,23,10
ชัยภูมิ,2,5_18_partylist,party_list,30.0,จัตุรัส,บ้านกอก,109.0,,,,,,14,14
ชัยภูมิ,2,5_18_partylist,party_list,31.0,จัตุรัส,บ้านกอก,2.0,,,,,,14,15
ชัยภูมิ,2,5_18_partylist,party_list,32.0,จัตุรัส,บ้านกอก,66.0,,,,,,17,16
ชัยภูมิ,2,5_18_partylist,party_list,33.0,จัตุรัส,บ้านขาม,8.0,,,,,,16,16
ชัยภูมิ,2,5_18_partylist,party_list,34.0,จัตุรัส,บ้านขาม,20.0,3.0,,,,,11,8
ชัยภูมิ,2,5_18_partylist,party_list,35.0,จัตุรัส,บ้านขาม,6.0,,,,,,15,15
ชัยภูมิ,2,5_18_partylist,party_list,36.0,จัตุรัส,บ้านขาม,49.0,,,,,,15,9
ชัยภูมิ,2,5_18_partylist,party_list,37.0,จัตุรัส,บ้านขาม,22.0,,,,,,15,10
ชัยภูมิ,2,5_18_partylist,party_list,38.0,จัตุรัส,บ้านขาม,10.0,1.0,,,,,14,12
ชัยภูมิ,2,5_18_partylist,party_list,39.0,จัตุรัส,บ้านขาม,1.0,5.0,,,,,6,6
ชัยภูมิ,2,5_18_partylist,party_list,40.0,จัตุรัส,บ้านขาม,172.0,,,,,,12,10
ชัยภูมิ,2,5_18_partylist,party_list,41.0,จัตุรัส,บ้านขาม,11.0,,,,,,13,13
ชัยภูมิ,2,5_18_partylist,party_list,42.0,จัตุรัส,บ้านขาม,26.0,,,,,,17,18
ชัยภูมิ,2,5_18_partylist,party_list,43.0,จัตุรัส,บ้านขาม,21.0,,,,,,10,10
ชัยภูมิ,2,5_18_partylist,party_list,44.0,จัตุรัส,บ้านขาม,32.0,,,,,,14,15
ชัยภูมิ,2,5_18_partylist,party_list,45.0,จัตุรัส,บ้านขาม,511.0,,,,,,16,13
ชัยภูมิ,2,5_18_partylist,party_list,46.0,จัตุรัส,บ้านขาม,4.0,,,,,,15,16
ชัยภูมิ,2,5_18_partylist,party_list,47.0,จัตุรัส,ละหาน,8.0,,,,,,25,21
ชัยภูมิ,2,5_18_partylist,party_list,48.0,จัตุรัส,ละหาน,58.0,351.0,,,,,24,20
ชัยภูมิ,2,5_18_partylist,party_list,49.0,จัตุรัส,ละหาน,238.0,3.0,,,,,24,18
ชัยภูมิ,2,5_18_partylist,party_list,50.0,จัตุรัส,ละหาน,72.0,,,,,,23,17
ชัยภูมิ,2,5_18_partylist,party_list,51.0,จัตุรัส,ละหาน,163.0,,,,,,24,9
ชัยภูมิ,2,5_18_partylist,party_list,52.0,จัตุรัส,ละหาน,4.0,,,,,,25,25
ชัยภูมิ,2,5_18_partylist,party_list,53.0,จัตุรัส,ละหาน,375.0,,,,,,23,8
ชัยภูมิ,2,5_18_partylist,party_list,54.0,จัตุรัส,ละหาน,2279.0,,,,,,22,17
ชัยภูมิ,2,5_18_partylist,party_list,55.0,จัตุรัส,ละหาน,18.0,,,,,,23,17
ชัยภูมิ,2,5_18_partylist,party_list,56.0,จัตุรัส,ละหาน,6.0,,,,,,23,24
ชัยภูมิ,2,5_18_partylist,party_list,57.0,จัตุรัส,ละหาน,96.0,,,,,,22,15
ชัยภูมิ,2,5_18_partylist,party_list,58.0,จัตุรัส,ละหาน,46.0,,,,,,21,18
ชัยภูมิ,2,5_18_partylist,party_list,59.0,จัตุรัส,ละหาน,12.0,,,,,,23,24
ชัยภูมิ,2,5_18_partylist,party_list,60.0,จัตุรัส,ละหาน,22.0,,,,,,21,18
ชัยภูมิ,2,5_18_partylist,party_list,61.0,จัตุรัส,ละหาน,0.0,,,,,,23,26
ชัยภูมิ,2,5_18_partylist,party_list,62.0,จัตุรัส,ละหาน,38.0,,,,,,25,25
ชัยภูมิ,2,5_18_partylist,party_list,63.0,จัตุรัส,ละหาน,920.0,,,,,,23,22
ชัยภูมิ,2,5_18_partylist,party_list,64.0,จัตุรัส,ละหาน,16.0,,,,,,24,14
ชัยภูมิ,2,5_18_partylist,party_list,65.0,จัตุรัส,ละหาน,2.0,,,,,,22,18
ชัยภูมิ,2,5_18_partylist,party_list,66.0,จัตุรัส,ละหาน,27.0,,,,,,21,22
ชัยภูมิ,2,5_18_partylist,party_list,67.0,จัตุรัส,ละหาน,24.0,,,,,,18,18
ชัยภูมิ,2,5_18_partylist,party_list,68.0,จัตุรัส,ส้มป่อย,93.0,,,,,,23,21
ชัยภูมิ,2,5_18_partylist,party_list,69.0,จัตุรัส,ส้มป่อย,191.0,29.0,,,,,23,22
ชัยภูมิ,2,5_18_partylist,party_list,70.0,จัตุรัส,ส้มป่อย,2011.0,,,,,,24,22
ชัยภูมิ,2,5_18_partylist,party_list,71.0,จัตุรัส,ส้มป่อย,8.0,42.0,,,,,23,22
ชัยภูมิ,2,5_18_partylist,party_list,72.0,จัตุรัส,ส้มป่อย,69.0,,,,,,25,20
ชัยภูมิ,2,5_18_partylist,party_list,73.0,จัตุรัส,ส้มป่อย,12.0,,,,,,24,22
ชัยภูมิ,2,5_18_partylist,party_list,74.0,จัตุรัส,ส้มป่อย,0.0,243.0,,,,,24,26
ชัยภูมิ,2,5_18_partylist,party_list,75.0,จัตุรัส,ส้มป่อย,0.0,38.0,,,,,25,27
ชัยภูมิ,2,5_18_partylist,party_list,76.0,จัตุรัส,ส้มป่อย,0.0,109.0,,,,,22,26
ชัยภูมิ,2,5_18_partylist,party_list,77.0,จัตุรัส,ส้มป่อย,2.0,8.0,,,,,24,25
ชัยภูมิ,2,5_18_partylist,party_list,78.0,จัตุรัส,ส้มป่อย,12.0,,,,,,24,25
ชัยภูมิ,2,5_18_partylist,party_list,79.0,จัตุรัส,ส้มป่อย,20.0,,,,,,24,22
ชัยภูมิ,2,5_18_partylist,party_list,80.0,จัตุรัส,ส้มป่อย,70.0,,,,,,23,20
ชัยภูมิ,2,5_18_partylist,party_list,81.0,จัตุรัส,ส้มป่อย,4.0,,,,,,26,24
ชัยภูมิ,2,5_18_partylist,party_list,82.0,จัตุรัส,ส้มป่อย,9.0,0.0,,,,,27,25
ชัยภูมิ,2,5_18_partylist,party_list,83.0,จัตุรัส,หนองบัวบาน,66.0,,,,,,18,15
ชัยภูมิ,2,5_18_partylist,party_list,84.0,จัตุรัส,หนองบัวบาน,4120.0,,,,,,14,15
ชัยภูมิ,2,5_18_partylist,party_list,85.0,จัตุรัส,หนองบัวบาน,0.0,,,,,,11,12
ชัยภูมิ,2,5_18_partylist,party_list,86.0,จัตุรัส,หนองบัวบาน,8.0,,,,,,9,10
ชัยภูมิ,2,5_18_partylist,party_list,87.0,จัตุรัส,หนองบัวบาน,21.0,,,,,,14,12
ชัยภูมิ,2,5_18_partylist,party_list,88.0,จัตุรัส,หนองบัวบาน,1.0,,,,,,13,12
ชัยภูมิ,2,5_18_partylist,party_list,89.0,จัตุรัส,หนองบัวบาน,72.0,,,,,,14,11
ชัยภูมิ,2,5_18_partylist,party_list,90.0,จัตุรัส,หนองบัวบาน,21043.0,,,,,,11,16
ชัยภูมิ,2,5_18_partylist,party_list,91.0,จัตุรัส,หนองบัวบาน,0.0,,,,,,5,5
ชัยภูมิ,2,5_18_partylist,party_list,92.0,จัตุรัส,หนองบัวบาน,992.0,,,,,,4,4
ชัยภูมิ,2,5_18_partylist,party_list,93.0,จัตุรัส,หนองบัวบาน,420677.0,,,,,,17,18
ชัยภูมิ,2,5_18_partylist,party_list,94.0,จัตุรัส,หนองบัวบาน,12.0,3.0,,,,,14,16
ชัยภูมิ,2,5_18_partylist,party_list,95.0,จัตุรัส,หนองบัวบาน,18.0,,,,,,15,13
ชัยภูมิ,2,5_18_partylist,party_list,96.0,จัตุรัส,หนองบัวบาน,258.0,,,,,,15,14
ชัยภูมิ,2,5_18_partylist,party_list,97.0,จัตุรัส,หนองบัวบาน,26.0,,,,,,15,16
ชัยภูมิ,2,5_18_partylist,party_list,98.0,จัตุรัส,หนองบัวบาน,58.0,,,,,,15,14
ชัยภูมิ,2,5_18_partylist,party_list,99.0,จัตุรัส,หนองบัวบาน,17.0,,,,,,12,8
ชัยภูมิ,2,5_18_partylist,party_list,100.0,จัตุรัส,หนองบัวบาน,0.0,,,,,,13,13
ชัยภูมิ,2,5_18_partylist,party_list,101.0,จัตุรัส,หนองบัวโคก,1008.0,,,,,,24,27
ชัยภูมิ,2,5_18_partylist,party_list,102.0,จัตุรัส,หนองบัวโคก,0.0,,,,,,22,25
ชัยภูมิ,2,5_18_partylist,party_list,103.0,จัตุรัส,หนองบัวโคก,408.0,6.0,,,,,26,20
ชัยภูมิ,2,5_18_partylist,party_list,104.0,จัตุรัส,หนองบัวโคก,48.0,,,,,,24,17
ชัยภูมิ,2,5_18_partylist,party_list,105.0,จัตุรัส,หนองบัวโคก,418.0,,,,,,23,15
ชัยภูมิ,2,5_18_partylist,party_list,106.0,จัตุรัส,หนองบัวโคก,0.0,,,,,,21,23
ชัยภูมิ,2,5_18_partylist,party_list,107.0,จัตุรัส,หนองบัวโคก,0.0,6.0,,,,,20,22
ชัยภูมิ,2,5_18_partylist,party_list,108.0,จัตุรัส,หนองบัวโคก,1204.0,,,,,,25,26
ชัยภูมิ,2,5_18_partylist,party_list,109.0,จัตุรัส,หนองบัวโคก,20266.0,,,,,,23,17
ชัยภูมิ,2,5_18_partylist,party_list,110.0,จัตุรัส,หนองบัวโคก,8.0,,,,,,25,25
ชัยภูมิ,2,5_18_partylist,party_list,111.0,จัตุรัส,หนองบัวโคก,32.0,,,,,,18,15
ชัยภูมิ,2,5_18_partylist,party_list,112.0,จัตุรัส,หนองบัวโคก,1337.0,,,,,,17,10
ชัยภูมิ,2,5_18_partylist,party_list,113.0,จัตุรัส,หนองบัวโคก,9.0,,,,,,18,18
ชัยภูมิ,2,5_18_partylist,party_list,114.0,จัตุรัส,หนองบัวโคก,22.0,,,,,,15,12
ชัยภูมิ,2,5_18_partylist,party_list,115.0,จัตุรัส,หนองบัวใหญ่,8380.0,,,,,,18,14
ชัยภูมิ,2,5_18_partylist,party_list,116.0,จัตุรัส,หนองบัวใหญ่,0.0,,,,,,19,20
ชัยภูมิ,2,5_18_partylist,party_list,117.0,จัตุรัส,หนองบัวใหญ่,4.0,,,,,,16,12
ชัยภูมิ,2,5_18_partylist,party_list,118.0,จัตุรัส,หนองบัวใหญ่,0.0,,,,,,21,24
ชัยภูมิ,2,5_18_partylist,party_list,119.0,จัตุรัส,หนองบัวใหญ่,24.0,,,,,,15,12
ชัยภูมิ,2,5_18_partylist,party_list,120.0,จัตุรัส,หนองบัวใหญ่,77.0,,,,,,22,17
ชัยภูมิ,2,5_18_partylist,party_list,121.0,จัตุรัส,หนองบัวใหญ่,6.0,,,,,,13,12
ชัยภูมิ,2,5_18_partylist,party_list,122.0,จัตุรัส,หนองบัวใหญ่,48.0,,,,,,18,17
ชัยภูมิ,2,5_18_partylist,party_list,123.0,จัตุรัส,หนองบัวใหญ่,0.0,,,,,,14,14
ชัยภูมิ,2,5_18_partylist,party_list,124.0,จัตุรัส,หนองบัวใหญ่,1501.0,,,,,,16,6
ชัยภูมิ,2,5_18_partylist,party_list,125.0,จัตุรัส,หนองบัวใหญ่,9.0,,,,,,14,13
ชัยภูมิ,2,5_18_partylist,party_list,126.0,จัตุรัส,หนองบัวใหญ่,0.0,,,,,,17,17
ชัยภูมิ,2,5_18_partylist,party_list,127.0,จัตุรัส,หนองโดน,0.0,,,,,,15,17
ชัยภูมิ,2,5_18_partylist,party_list,128.0,จัตุรัส,หนองโดน,139.0,,,,,,16,17
ชัยภูมิ,2,5_18_partylist,party_list,129.0,จัตุรัส,หนองโดน,9.0,,,,,,9,7
ชัยภูมิ,2,5_18_partylist,party_list,130.0,จัตุรัส,หนองโดน,447.0,,,,,,3,5
ชัยภูมิ,2,5_18_partylist,party_list,131.0,จัตุรัส,หนองโดน,919.0,,,,,,14,14
ชัยภูมิ,2,5_18_partylist,party_list,132.0,จัตุรัส,หนองโดน,12.0,,,,,,12,13
ชัยภูมิ,2,5_18_partylist,party_list,133.0,จัตุรัส,หนองโดน,182.0,2.0,,,,,15,18
ชัยภูมิ,2,5_18_partylist,party_list,134.0,จัตุรัส,หนองโดน,23.0,5.0,,,,,13,14
ชัยภูมิ,2,5_18_partylist,party_list,135.0,จัตุรัส,หนองโดน,1139.0,60.0,,,,,12,10
ชัยภูมิ,2,5_18_partylist,party_list,136.0,จัตุรัส,หนองโดน,99.0,3.0,,,,,11,12
ชัยภูมิ,2,5_18_partylist,party_list,137.0,จัตุรัส,หนองโดน,60024417.0,,,,,,13,11
ชัยภูมิ,2,5_18_partylist,party_list,138.0,จัตุรัส,จัตุรัส ทต.บ้านกอก,161595.0,,,,,,20,10
ชัยภูมิ,2,5_18_partylist,party_list,139.0,จัตุรัส,จัตุรัส ทต.บ้านกอก,1.0,,,,,,11,10
ชัยภูมิ,2,5_18_partylist,party_list,140.0,จัตุรัส,จัตุรัส ทต.บ้านกอก,376.0,,,,,,8,2
ชัยภูมิ,2,5_18_partylist,party_list,141.0,จัตุรัส,จัตุรัส ทต.บ้านกอก,0.0,,,,,,10,10
ชัยภูมิ,2,5_18_partylist,party_list,142.0,จัตุรัส,จัตุรัส ทต.บ้านกอก,108.0,,,,,,7,1
ชัยภูมิ,2,5_18_partylist,party_list,143.0,จัตุรัส,จัตุรัส ทต.บ้านกอก,0.0,,,,,,9,9
ชัยภูมิ,2,5_18_partylist,party_list,144.0,จัตุรัส,จัตุรัส ทต.บ้านกอก,0.0,,,,,,8,8
ชัยภูมิ,2,5_18_partylist,party_list,146.0,ซับใหญ่,ท่ากูบ,149.0,,,,,,4,9
ชัยภูมิ,2,5_18_partylist,party_list,147.0,ซับใหญ่,ท่ากูบ,3.0,,,,,,3,5
ชัยภูมิ,2,5_18_partylist,party_list,148.0,ซับใหญ่,ท่ากูบ,27.0,,,,,,5,7
ชัยภูมิ,2,5_18_partylist,party_list,149.0,ซับใหญ่,ท่ากูบ,16.0,,,,,,4,4
ชัยภูมิ,2,5_18_partylist,party_list,150.0,ซับใหญ่,ท่ากูบ,22.0,,,,,,5,8
ชัยภูมิ,2,5_18_partylist,party_list,151.0,ซับใหญ่,ท่ากูบ,2.0,,,,,,3,6
ชัยภูมิ,2,5_18_partylist,party_list,152.0,ซับใหญ่,ท่ากูบ,29.0,,,,,,7,10
ชัยภูมิ,2,5_18_partylist,party_list,153.0,ซับใหญ่,ท่ากูบ,21.0,,,,,,3,4
ชัยภูมิ,2,5_18_partylist,party_list,154.0,ซับใหญ่,ท่ากูบ,1.0,,,,,,3,4
ชัยภูมิ,2,5_18_partylist,party_list,155.0,ซับใหญ่,ท่ากูบ,1.0,,,,,,3,4
ชัยภูมิ,2,5_18_partylist,party_list,156.0,ซับใหญ่,ท่ากูบ,7.0,,,,,,2,3
ชัยภูมิ,2,5_18_partylist,party_list,157.0,ซับใหญ่,ท่ากูบ,25.0,,,,,,5,7
ชัยภูมิ,2,5_18_partylist,party_list,158.0,บ้านเขว้า,ชีบน,29.0,,,,,,26,23
ชัยภูมิ,2,5_18_partylist,party_list,159.0,บ้านเขว้า,ชีบน,200554.0,55.0,,,,,30,14
ชัยภูมิ,2,5_18_partylist,party_list,160.0,บ้านเขว้า,ชีบน,1598.0,,,,,,27,19
ชัยภูมิ,2,5_18_partylist,party_list,161.0,บ้านเขว้า,ชีบน,12.0,,,,,,25,22
ชัยภูมิ,2,5_18_partylist,party_list,162.0,บ้านเขว้า,ชีบน,114.0,,,,,,23,16
ชัยภูมิ,2,5_18_partylist,party_list,163.0,บ้านเขว้า,ชีบน,1662.0,,,,,,26,20
ชัยภูมิ,2,5_18_partylist,party_list,164.0,บ้านเขว้า,ชีบน,10.0,,,,,,26,27
ชัยภูมิ,2,5_18_partylist,party_list,165.0,บ้านเขว้า,ชีบน,6780.0,0.0,,,,,26,21
ชัยภูมิ,2,5_18_partylist,party_list,166.0,บ้านเขว้า,ชีบน,31.0,7.0,,,,,28,25
ชัยภูมิ,2,5_18_partylist,party_list,167.0,บ้านเขว้า,ชีบน,310.0,,,,,,28,19
ชัยภูมิ,2,5_18_partylist,party_list,168.0,บ้านเขว้า,ชีบน,876.0,,,,,,28,13
ชัยภูมิ,2,5_18_partylist,party_list,169.0,บ้านเขว้า,ชีบน,20.0,32.0,,,,,24,21
ชัยภูมิ,2,5_18_partylist,party_list,170.0,บ้านเขว้า,ชีบน,0.0,,,,,,22,23
ชัยภูมิ,2,5_18_partylist,party_list,171.0,บ้านเขว้า,ตลาดแร้ง,4818.0,,,,,,19,12
ชัยภูมิ,2,5_18_partylist,party_list,172.0,บ้านเขว้า,ตลาดแร้ง,216.0,,,,,,27,21
ชัยภูมิ,2,5_18_partylist,party_list,173.0,บ้านเขว้า,ตลาดแร้ง,219.0,,,,,,26,19
ชัยภูมิ,2,5_18_partylist,party_list,174.0,บ้านเขว้า,ตลาดแร้ง,74.0,,,,,,28,23
ชัยภูมิ,2,5_18_partylist,party_list,175.0,บ้านเขว้า,ตลาดแร้ง,839.0,,,,,,28,20
ชัยภูมิ,2,5_18_partylist,party_list,176.0,บ้านเขว้า,ตลาดแร้ง,2462.0,43.0,,,,,29,19
ชัยภูมิ,2,5_18_partylist,party_list,177.0,บ้านเขว้า,ตลาดแร้ง,617.0,,,,,,27,13
ชัยภูมิ,2,5_18_partylist,party_list,178.0,บ้านเขว้า,ตลาดแร้ง,92.0,325.0,,,,,28,18
ชัยภูมิ,2,5_18_partylist,party_list,179.0,บ้านเขว้า,ตลาดแร้ง,155.0,,,,,,26,18
ชัยภูมิ,2,5_18_partylist,party_list,180.0,บ้านเขว้า,ตลาดแร้ง,2562.0,,,,,,26,18
ชัยภูมิ,2,5_18_partylist,party_list,181.0,บ้านเขว้า,ตลาดแร้ง,312.0,,,,,,25,13
ชัยภูมิ,2,5_18_partylist,party_list,182.0,บ้านเขว้า,ตลาดแร้ง,29.0,,,,,,26,24
ชัยภูมิ,2,5_18_partylist,party_list,183.0,บ้านเขว้า,ตลาดแร้ง,212.0,,,,,,29,23
ชัยภูมิ,2,5_18_partylist,party_list,184.0,บ้านเขว้า,ตลาดแร้ง,620.0,,,,,,27,23
ชัยภูมิ,2,5_18_partylist,party_list,185.0,บ้านเขว้า,ตลาดแร้ง,4224.0,,,,,,23,10
ชัยภูมิ,2,5_18_partylist,party_list,186.0,บ้านเขว้า,ตลาดแร้ง,485.0,,,,,,28,10
ชัยภูมิ,2,5_18_partylist,party_list,187.0,บ้านเขว้า,ตลาดแร้ง,334.0,,,,,,27,11
ชัยภูมิ,2,5_18_partylist,party_list,188.0,บ้านเขว้า,ตลาดแร้ง,44.0,,,,,,27,20
ชัยภูมิ,2,5_18_partylist,party_list,189.0,บ้านเขว้า,ตลาดแร้ง,2750105.0,,,,,,26,19
ชัยภูมิ,2,5_18_partylist,party_list,190.0,บ้านเขว้า,ตลาดแร้ง,6755.0,,,,,,26,27
ชัยภูมิ,2,5_18_partylist,party_list,191.0,บ้านเขว้า,ตลาดแร้ง,51.0,,,,,,26,23
ชัยภูมิ,2,5_18_partylist,party_list,192.0,บ้านเขว้า,ตลาดแร้ง,487.0,,,,,,27,24
ชัยภูมิ,2,5_18_partylist,party_list,193.0,บ้านเขว้า,ตลาดแร้ง,267.0,,,,,,25,23
ชัยภูมิ,2,5_18_partylist,party_list,194.0,บ้านเขว้า,ตลาดแร้ง,67.0,,,,,,19,7
ชัยภูมิ,2,5_18_partylist,party_list,195.0,บ้านเขว้า,ทุ่งทอง,20.0,,,,,,25,21
ชัยภูมิ,2,5_18_partylist,party_list,196.0,บ้านเขว้า,ทุ่งทอง,37.0,299.0,,,,,27,16
ชัยภูมิ,2,5_18_partylist,party_list,197.0,บ้านเขว้า,ทุ่งทอง,11.0,9.0,,,,,26,25
ชัยภูมิ,2,5_18_partylist,party_list,198.0,บ้านเขว้า,ทุ่งทอง,32.0,,,,,,24,22
ชัยภูมิ,2,5_18_partylist,party_list,199.0,บ้านเขว้า,ทุ่งทอง,2.0,1.0,,,,,27,24
ชัยภูมิ,2,5_18_partylist,party_list,200.0,บ้านเขว้า,ทุ่งทอง,13.0,13.0,,,,,28,30
ชัยภูมิ,2,5_18_partylist,party_list,201.0,บ้านเขว้า,ทุ่งทอง,9.0,,,,,,26,28
ชัยภูมิ,2,5_18_partylist,party_list,202.0,บ้านเขว้า,ทุ่งทอง,20.0,,,,,,26,24
ชัยภูมิ,2,5_18_partylist,party_list,204.0,บ้านเขว้า,บ้านเขว้า,1.0,,,,,,25,28
ชัยภูมิ,2,5_18_partylist,party_list,205.0,บ้านเขว้า,บ้านเขว้า,10.0,9.0,,,,,16,12
ชัยภูมิ,2,5_18_partylist,party_list,206.0,บ้านเขว้า,บ้านเขว้า,88.0,,,,,,12,8
ชัยภูมิ,2,5_18_partylist,party_list,207.0,บ้านเขว้า,บ้านเขว้า,7.0,,,,,,27,27
ชัยภูมิ,2,5_18_partylist,party_list,208.0,บ้านเขว้า,บ้านเขว้า,157.0,,,,,,28,21
ชัยภูมิ,2,5_18_partylist,party_list,209.0,บ้านเขว้า,บ้านเขว้า,132.0,,,,,,17,14
ชัยภูมิ,2,5_18_partylist,party_list,210.0,บ้านเขว้า,บ้านเขว้า,11.0,4.0,,,,,16,9
ชัยภูมิ,2,5_18_partylist,party_list,211.0,บ้านเขว้า,บ้านเขว้า,32.0,,,,,,20,19
ชัยภูมิ,2,5_18_partylist,party_list,212.0,บ้านเขว้า,บ้านเขว้า,3662.0,,,,,,16,10
ชัยภูมิ,2,5_18_partylist,party_list,213.0,บ้านเขว้า,บ้านเขว้า,184716.0,202.0,,,,,17,9
ชัยภูมิ,2,5_18_partylist,party_list,214.0,บ้านเขว้า,บ้านเขว้า,1252.0,,,,,,27,16
ชัยภูมิ,2,5_18_partylist,party_list,215.0,บ้านเขว้า,บ้านเขว้า,8.0,,,,,,20,16
ชัยภูมิ,2,5_18_partylist,party_list,216.0,บ้านเขว้า,บ้านเขว้า,0.0,,,,,,17,17
ชัยภูมิ,2,5_18_partylist,party_list,217.0,บ้านเขว้า,บ้านเขว้า,8.0,,,,,,16,16
ชัยภูมิ,2,5_18_partylist,party_list,218.0,บ้านเขว้า,บ้านเขว้า,4.0,2.0,,,,,25,24
ชัยภูมิ,2,5_18_partylist,party_list,219.0,บ้านเขว้า,บ้านเขว้า,17.0,,,,,,22,17
ชัยภูมิ,2,5_18_partylist,party_list,220.0,บ้านเขว้า,บ้านเขว้า,3077.0,,,,,,28,7
ชัยภูมิ,2,5_18_partylist,party_list,221.0,บ้านเขว้า,บ้านเขว้า,6.0,,,,,,26,26
ชัยภูมิ,2,5_18_partylist,party_list,222.0,บ้านเขว้า,บ้านเขว้า,72.0,,,,,,27,17
ชัยภูมิ,2,5_18_partylist,party_list,223.0,บ้านเขว้า,บ้านเขว้า,25.0,2.0,,,,,16,16
ชัยภูมิ,2,5_18_partylist,party_list,224.0,บ้านเขว้า,บ้านเขว้า,7.0,8.0,,,,,18,14
ชัยภูมิ,2,5_18_partylist,party_list,225.0,บ้านเขว้า,บ้านเขว้า,65.0,,,,,,22,14
ชัยภูมิ,2,5_18_partylist,party_list,226.0,บ้านเขว้า,บ้านเขว้า,78.0,,,,,,19,16
ชัยภูมิ,2,5_18_partylist,party_list,227.0,บ้านเขว้า,บ้านเขว้า,0.0,,,,,,17,18
ชัยภูมิ,2,5_18_partylist,party_list,228.0,บ้านเขว้า,บ้านเขว้า,40.0,,,,,,21,13
ชัยภูมิ,2,5_18_partylist,party_list,229.0,บ้านเขว้า,บ้านเขว้า,21.0,,,,,,16,15
ชัยภูมิ,2,5_18_partylist,party_list,230.0,บ้านเขว้า,บ้านเขว้า,9.0,,,,,,18,18
ชัยภูมิ,2,5_18_partylist,party_list,231.0,บ้านเขว้า,บ้านเขว้า,33.0,,,,,,25,19
ชัยภูมิ,2,5_18_partylist,party_list,232.0,บ้านเขว้า,บ้านเขว้า,0.0,,,,,,19,19
ชัยภูมิ,2,5_18_partylist,party_list,233.0,บ้านเขว้า,บ้านเขว้า,0.0,,,,,,28,30
ชัยภูมิ,2,5_18_partylist,party_list,234.0,บ้านเขว้า,บ้านเขว้า,8.0,,,,,,8,4
ชัยภูมิ,2,5_18_partylist,party_list,235.0,บ้านเขว้า,บ้านเขว้า,13362.0,,,,,,27,13
ชัยภูมิ,2,5_18_partylist,party_list,237.0,บ้านเขว้า,ภูแลนคา,744.0,,,,,,28,23
ชัยภูมิ,2,5_18_partylist,party_list,238.0,บ้านเขว้า,ภูแลนคา,55.0,,,,,,28,20
ชัยภูมิ,2,5_18_partylist,party_list,239.0,บ้านเขว้า,ภูแลนคา,152.0,,,,,,27,27
ชัยภูมิ,2,5_18_partylist,party_list,240.0,บ้านเขว้า,ภูแลนคา,4.0,,,,,,28,27
ชัยภูมิ,2,5_18_partylist,party_list,241.0,บ้านเขว้า,ภูแลนคา,100.0,,,,,,26,24
ชัยภูมิ,2,5_18_partylist,party_list,242.0,บ้านเขว้า,ภูแลนคา,169.0,,,,,,25,23
ชัยภูมิ,2,5_18_partylist,party_list,243.0,บ้านเขว้า,ภูแลนคา,366.0,,,,,,29,24
ชัยภูมิ,2,5_18_partylist,party_list,244.0,บ้านเขว้า,ภูแลนคา,222.0,,,,,,27,6
ชัยภูมิ,2,5_18_partylist,party_list,245.0,บ้านเขว้า,ภูแลนคา,294.0,,,,,,28,23
ชัยภูมิ,2,5_18_partylist,party_list,246.0,บ้านเขว้า,ภูแลนคา,1255.0,,,,,,27,10
ชัยภูมิ,2,5_18_partylist,party_list,248.0,บ้านเขว้า,ลุ่มน้ำชี,36.0,,,,,,28,22
ชัยภูมิ,2,5_18_partylist,party_list,249.0,บ้านเขว้า,ลุ่มน้ำชี,18259.0,8.0,,,,,27,10
ชัยภูมิ,2,5_18_partylist,party_list,250.0,บ้านเขว้า,ลุ่มน้ำชี,294.0,,,,,,26,18
ชัยภูมิ,2,5_18_partylist,party_list,251.0,บ้านเขว้า,ลุ่มน้ำชี,18.0,,,,,,27,27
ชัยภูมิ,2,5_18_partylist,party_list,252.0,บ้านเขว้า,ลุ่มน้ำชี,464.0,0.0,,,,,25,19
ชัยภูมิ,2,5_18_partylist,party_list,253.0,บ้านเขว้า,ลุ่มน้ำชี,181.0,,,,,,27,26
ชัยภูมิ,2,5_18_partylist,party_list,254.0,บ้านเขว้า,ลุ่มน้ำชี,682.0,,,,,,30,18
ชัยภูมิ,2,5_18_partylist,party_list,255.0,บ้านเขว้า,ลุ่มน้ำชี,9.0,,,,,,28,22
ชัยภูมิ,2,5_18_partylist,party_list,256.0,บ้านเขว้า,ลุ่มน้ำชี,55.0,,,,,,27,20
ชัยภูมิ,2,5_18_partylist,party_list,257.0,บ้านเขว้า,ลุ่มน้ำชี,292.0,,,,,,28,19
ชัยภูมิ,2,5_18_partylist,party_list,258.0,บ้านเขว้า,ลุ่มน้ำชี,42.0,,,,,,26,22
ชัยภูมิ,2,5_18_partylist,party_list,259.0,บ้านเขว้า,ลุ่มน้ำชี,90.0,,,,,,27,14
ชัยภูมิ,2,5_18_partylist,party_list,260.0,บ้านเขว้า,ลุ่มน้ำชี,2242.0,2.0,,,,,28,20
ชัยภูมิ,2,5_18_partylist,party_list,261.0,บ้านเขว้า,ลุ่มน้ำชี,142.0,,,,,,27,23
ชัยภูมิ,2,5_18_partylist,party_list,262.0,บ้านเขว้า,ลุ่มน้ำชี,7.0,,,,,,28,24
ชัยภูมิ,2,5_18_partylist,party_list,263.0,บ้านเขว้า,ลุ่มน้ำชี,197.0,,,,,,26,16
ชัยภูมิ,2,5_18_partylist,party_list,264.0,บ้านเขว้า,ลุ่มน้ำชี,125.0,,,,,,24,20
ชัยภูมิ,2,5_18_partylist,party_list,265.0,บ้านเขว้า,ลุ่มน้ำชี,3.0,,,,,,29,31
ชัยภูมิ,2,5_18_partylist,party_list,266.0,บ้านเขว้า,ลุ่มน้ำชี,17860.0,,,,,,26,23
ชัยภูมิ,2,5_18_partylist,party_list,267.0,บ้านเขว้า,ลุ่มน้ำชี,4370.0,,,,,,29,25
ชัยภูมิ,2,5_18_partylist,party_list,268.0,บ้านเขว้า,ลุ่มน้ำชี,153.0,1.0,,,,,28,20
ชัยภูมิ,2,5_18_partylist,party_list,269.0,บ้านเขว้า,ลุ่มน้ำชี,9.0,,,,,,28,24
ชัยภูมิ,2,5_18_partylist,party_list,270.0,บ้านเขว้า,ลุ่มน้ำชี,0.0,,,,,,28,29
ชัยภูมิ,2,5_18_partylist,party_list,271.0,บ้านเขว้า,โนนแดง,37.0,371.0,,,,,29,21
ชัยภูมิ,2,5_18_partylist,party_list,272.0,บ้านเขว้า,โนนแดง,2.0,,,,,,27,26
ชัยภูมิ,2,5_18_partylist,party_list,273.0,บ้านเขว้า,โนนแดง,2590.0,260.0,,,,,26,17
ชัยภูมิ,2,5_18_partylist,party_list,274.0,บ้านเขว้า,โนนแดง,6924.0,,,,,,27,10
ชัยภูมิ,2,5_18_partylist,party_list,275.0,บ้านเขว้า,โนนแดง,250.0,,,,,,30,23
ชัยภูมิ,2,5_18_partylist,party_list,276.0,บ้านเขว้า,โนนแดง,252.0,,,,,,29,11
ชัยภูมิ,2,5_18_partylist,party_list,277.0,บ้านเขว้า,โนนแดง,194.0,,,,,,26,17
ชัยภูมิ,2,5_18_partylist,party_list,278.0,บ้านเขว้า,โนนแดง,69.0,1.0,,,,,28,24
ชัยภูมิ,2,5_18_partylist,party_list,279.0,บ้านเขว้า,โนนแดง,142.0,7.0,,,,,28,25
ชัยภูมิ,2,5_18_partylist,party_list,280.0,บ้านเขว้า,โนนแดง,1428.0,,,,,,26,19
ชัยภูมิ,2,5_18_partylist,party_list,281.0,เนินสง่า,กะฮาด,102.0,,,,,,28,16
ชัยภูมิ,2,5_18_partylist,party_list,282.0,เนินสง่า,กะฮาด,52.0,1.0,,,,,27,24
ชัยภูมิ,2,5_18_partylist,party_list,283.0,เนินสง่า,กะฮาด,74.0,,,,,,29,15
ชัยภูมิ,2,5_18_partylist,party_list,284.0,เนินสง่า,กะฮาด,0.0,,,,,,28,27
ชัยภูมิ,2,5_18_partylist,party_list,285.0,เนินสง่า,กะฮาด,543.0,,,,,,28,4
ชัยภูมิ,2,5_18_partylist,party_list,286.0,เนินสง่า,กะฮาด,12.0,,,,,,26,23
ชัยภูมิ,2,5_18_partylist,party_list,287.0,เนินสง่า,กะฮาด,8281.0,,,,,,28,13
ชัยภูมิ,2,5_18_partylist,party_list,288.0,เนินสง่า,กะฮาด,15.0,,,,,,29,25
ชัยภูมิ,2,5_18_partylist,party_list,289.0,เนินสง่า,กะฮาด,145434.0,,,,,,27,23
ชัยภูมิ,2,5_18_partylist,party_list,290.0,เนินสง่า,กะฮาด,36.0,,,,,,27,17
ชัยภูมิ,2,5_18_partylist,party_list,291.0,เนินสง่า,ตาเนิน,0.0,,,,,,24,25
ชัยภูมิ,2,5_18_partylist,party_list,292.0,เนินสง่า,ตาเนิน,278.0,,,,,,27,23
ชัยภูมิ,2,5_18_partylist,party_list,293.0,เนินสง่า,ตาเนิน,4230923.0,,,,,,26,19
ชัยภูมิ,2,5_18_partylist,party_list,294.0,เนินสง่า,ตาเนิน,318.0,,,,,,29,20
ชัยภูมิ,2,5_18_partylist,party_list,295.0,เนินสง่า,ตาเนิน,4613017712.0,317.0,,,,,29,1
ชัยภูมิ,2,5_18_partylist,party_list,296.0,เนินสง่า,ตาเนิน,23697.0,1.0,,,,,27,21
ชัยภูมิ,2,5_18_partylist,party_list,297.0,เนินสง่า,ตาเนิน,121413.0,,,,,,30,10
ชัยภูมิ,2,5_18_partylist,party_list,298.0,เนินสง่า,ตาเนิน,4.0,0.0,,,,,27,27
ชัยภูมิ,2,5_18_partylist,party_list,299.0,เนินสง่า,ตาเนิน,928.0,,,,,,25,25
ชัยภูมิ,2,5_18_partylist,party_list,300.0,เนินสง่า,ตาเนิน,169.0,,,,,,29,20
ชัยภูมิ,2,5_18_partylist,party_list,301.0,เนินสง่า,ตาเนิน,192644.0,,,,,,26,11
ชัยภูมิ,2,5_18_partylist,party_list,302.0,เนินสง่า,ตาเนิน,1777.0,,,,,,28,13
ชัยภูมิ,2,5_18_partylist,party_list,303.0,เนินสง่า,ตาเนิน,6.0,,,,,,27,28
ชัยภูมิ,2,5_18_partylist,party_list,304.0,เนินสง่า,รังงาม,22367.0,,,,,,26,19
ชัยภูมิ,2,5_18_partylist,party_list,305.0,เนินสง่า,รังงาม,311.0,,,,,,29,16
ชัยภูมิ,2,5_18_partylist,party_list,306.0,เนินสง่า,รังงาม,354.0,,,,,,28,16
ชัยภูมิ,2,5_18_partylist,party_list,307.0,เนินสง่า,รังงาม,4459.0,,,,,,27,16
ชัยภูมิ,2,5_18_partylist,party_list,308.0,เนินสง่า,รังงาม,64.0,76.0,,,,,29,27
ชัยภูมิ,2,5_18_partylist,party_list,309.0,เนินสง่า,รังงาม,529.0,,,,,,26,19
ชัยภูมิ,2,5_18_partylist,party_list,310.0,เนินสง่า,รังงาม,60.0,369.0,,,,,27,20
ชัยภูมิ,2,5_18_partylist,party_list,311.0,เนินสง่า,หนองฉิม,29.0,49.0,,,,,27,19
ชัยภูมิ,2,5_18_partylist,party_list,312.0,เนินสง่า,หนองฉิม,23.0,22.0,,,,,27,24
ชัยภูมิ,2,5_18_partylist,party_list,313.0,เนินสง่า,หนองฉิม,40.0,,,,,,27,26
ชัยภูมิ,2,5_18_partylist,party_list,314.0,เนินสง่า,หนองฉิม,8018.0,,,,,,28,26
ชัยภูมิ,2,5_18_partylist,party_list,315.0,เนินสง่า,หนองฉิม,0.0,,,,,,27,28
ชัยภูมิ,2,5_18_partylist,party_list,316.0,เนินสง่า,หนองฉิม,554.0,,,,,,29,13
ชัยภูมิ,2,5_18_partylist,party_list,317.0,เนินสง่า,หนองฉิม,0.0,,,,,,28,28
ชัยภูมิ,2,5_18_partylist,party_list,318.0,เนินสง่า,หนองฉิม,327.0,,,,,,29,20
ชัยภูมิ,2,5_18_partylist,party_list,319.0,เนินสง่า,หนองฉิม,6645.0,13.0,,,,,27,21
ชัยภูมิ,2,5_18_partylist,party_list,320.0,เนินสง่า,หนองฉิม,9.0,,,,,,29,24
ชัยภูมิ,2,5_18_partylist,party_list,321.0,เนินสง่า,หนองฉิม,8940.0,,,,,,27,15
ชัยภูมิ,2,5_18_partylist,party_list,322.0,เนินสง่า,หนองฉิม,24.0,,,,,,29,26
ชัยภูมิ,2,5_18_partylist,party_list,323.0,เนินสง่า,หนองฉิม,379.0,263.0,,,,,29,25
ชัยภูมิ,2,5_18_partylist,party_list,324.0,เนินสง่า,หนองฉิม,892.0,,,,,,28,15
ชัยภูมิ,2,5_18_partylist,party_list,325.0,เนินสง่า,หนองฉิม,2958.0,,,,,,27,14
ชัยภูมิ,2,5_18_partylist,party_list,810.0,,,0.0,,,,,,1,1
ชัยภูมิ,2,5_18_partylist,party_list,,,,248.0,,,,,,25,90
ชัยภูมิ,2,5_18_partylist,party_list,,-...,,0.0,,,,,,2,2
ชัยภูมิ,2,5_18_partylist,party_list,,.3,,10.0,,,,,,2,0
ชัยภูมิ,2,5_18_partylist,party_list,,/เข.,/เทศาล..อำเภอ/เข.,0.0,,,,,,8,8
