priority,reason,suggested_action,row_index,province,form_type,vote_type,polling_station_no,choice_no,choice_name,party_name,votes,ballots_cast,valid_votes,invalid_votes,no_vote,ocr_confidence,validation_status,source_pdf,source_page
P0,missing_votes,Open source PDF page and type the vote value manually.,22,ชัยภูมิ,5_17_partylist,party_list,,8,,C,,,,,,0.7051,needs_review,/Users/pornmongkol/Documents/ProjectDSDE_election2026/data/raw/pdfs/extracted/เขตเลือกตั้งที่ 2/02-แบบ ส.ส. 5_17-บัญชีรายชื่อ-นอกเขต.pdf,1
P0,missing_votes,Open source PDF page and type the vote value manually.,23,ชัยภูมิ,5_17_partylist,party_list,,3,,rs,,,,,,0.643,needs_review,/Users/pornmongkol/Documents/ProjectDSDE_election2026/data/raw/pdfs/extracted/เขตเลือกตั้งที่ 2/02-แบบ ส.ส. 5_17-บัญชีรายชื่อ-นอกเขต.pdf,2
P0,missing_votes,Open source PDF page and type the vote value manually.,24,ชัยภูมิ,5_17_partylist,party_list,,31,,rs y$,,,,,,0.643,needs_review,/Users/pornmongkol/Documents/ProjectDSDE_election2026/data/raw/pdfs/extracted/เขตเลือกตั้งที่ 2/02-แบบ ส.ส. 5_17-บัญชีรายชื่อ-นอกเขต.pdf,2
P0,missing_votes,Open source PDF page and type the vote value manually.,25,ชัยภูมิ,5_17_partylist,party_list,,32,,y$,,,,,,0.643,needs_review,/Users/pornmongkol/Documents/ProjectDSDE_election2026/data/raw/pdfs/extracted/เขตเลือกตั้งที่ 2/02-แบบ ส.ส. 5_17-บัญชีรายชื่อ-นอกเขต.pdf,2
P0,missing_votes,Open source PDF page and type the vote value manually.,26,ชัยภูมิ,5_17_partylist,party_list,,55,,M,,,,,,0.6463,needs_review,/Users/pornmongkol/Documents/ProjectDSDE_election2026/data/raw/pdfs/extracted/เขตเลือกตั้งที่ 2/02-แบบ ส.ส. 5_17-บัญชีรายชื่อ-นอกเขต.pdf,3
P0,missing_votes,Open source PDF page and type the vote value manually.,27,ชัยภูมิ,5_17_partylist,party_list,,5,,ud M,,,,,,0.6463,needs_review,/Users/pornmongkol/Documents/ProjectDSDE_election2026/data/raw/pdfs/extracted/เขตเลือกตั้งที่ 2/02-แบบ ส.ส. 5_17-บัญชีรายชื่อ-นอกเขต.pdf,3
P0,missing_votes,Open source PDF page and type the vote value manually.,28,ชัยภูมิ,5_17_partylist,party_list,,57,,D tasocD ud,,,,,,0.6463,needs_review,/Users/pornmongkol/Documents/ProjectDSDE_election2026/data/raw/pdfs/extracted/เขตเลือกตั้งที่ 2/02-แบบ ส.ส. 5_17-บัญชีรายชื่อ-นอกเขต.pdf,3
P0,missing_votes,Open source PDF page and type the vote value manually.,29,ชัยภูมิ,5_17_partylist,party_list,,4,,Maaทนน,,,,,,0.708,needs_review,/Users/pornmongkol/Documents/ProjectDSDE_election2026/data/raw/pdfs/extracted/เขตเลือกตั้งที่ 2/02-แบบ ส.ส. 5_17-บัญชีรายชื่อ-นอกเขต.pdf,5
P0,missing_votes,Open source PDF page and type the vote value manually.,30,ชัยภูมิ,5_17_partylist,party_list,,5,,Maaทนน นน,,,,,,0.708,needs_review,/Users/pornmongkol/Documents/ProjectDSDE_election2026/data/raw/pdfs/extracted/เขตเลือกตั้งที่ 2/02-แบบ ส.ส. 5_17-บัญชีรายชื่อ-นอกเขต.pdf,5
P0,missing_votes,Open source PDF page and type the vote value manually.,31,ชัยภูมิ,5_17_partylist,party_list,,8,,-**---*.* กลoา,,,,,,0.708,needs_review,/Users/pornmongkol/Documents/ProjectDSDE_election2026/data/raw/pdfs/extracted/เขตเลือกตั้งที่ 2/02-แบบ ส.ส. 5_17-บัญชีรายชื่อ-นอกเขต.pdf,5
P0,missing_votes,Open source PDF page and type the vote value manually.,32,ชัยภูมิ,5_17_partylist,party_list,,9,,-**---*.* ศมทาน,,,,,,0.708,needs_review,/Users/pornmongkol/Documents/ProjectDSDE_election2026/data/raw/pdfs/extracted/เขตเลือกตั้งที่ 2/02-แบบ ส.ส. 5_17-บัญชีรายชื่อ-นอกเขต.pdf,5
P0,missing_votes,Open source PDF page and type the vote value manually.,33,ชัยภูมิ,5_17_partylist,party_list,,10,,ศมทาน,,,,,,0.708,needs_review,/Users/pornmongkol/Documents/ProjectDSDE_election2026/data/raw/pdfs/extracted/เขตเลือกตั้งที่ 2/02-แบบ ส.ส. 5_17-บัญชีรายชื่อ-นอกเขต.pdf,5
P0,missing_votes,Open source PDF page and type the vote value manually.,34,ชัยภูมิ,5_17_partylist,party_list,,2,,do,,,,,,0.6983,needs_review,/Users/pornmongkol/Documents/ProjectDSDE_election2026/data/raw/pdfs/extracted/เขตเลือกตั้งที่ 2/02-แบบ ส.ส. 5_17-บัญชีรายชื่อ-นอกเขต.pdf,9
P0,missing_votes,Open source PDF page and type the vote value manually.,35,ชัยภูมิ,5_17_partylist,party_list,,1,,แปก,,,,,,0.6983,needs_review,/Users/pornmongkol/Documents/ProjectDSDE_election2026/data/raw/pdfs/extracted/เขตเลือกตั้งที่ 2/02-แบบ ส.ส. 5_17-บัญชีรายชื่อ-นอกเขต.pdf,9
P0,missing_votes,Open source PDF page and type the vote value manually.,36,ชัยภูมิ,5_17_partylist,party_list,,7,,O,,,,,,0.6983,needs_review,/Users/pornmongkol/Documents/ProjectDSDE_election2026/data/raw/pdfs/extracted/เขตเลือกตั้งที่ 2/02-แบบ ส.ส. 5_17-บัญชีรายชื่อ-นอกเขต.pdf,9
P0,missing_votes,Open source PDF page and type the vote value manually.,37,ชัยภูมิ,5_17_partylist,party_list,,9,,คด,,,,,,0.6983,needs_review,/Users/pornmongkol/Documents/ProjectDSDE_election2026/data/raw/pdfs/extracted/เขตเลือกตั้งที่ 2/02-แบบ ส.ส. 5_17-บัญชีรายชื่อ-นอกเขต.pdf,9
P0,missing_votes,Open source PDF page and type the vote value manually.,38,ชัยภูมิ,5_17_partylist,party_list,,10,,คด,,,,,,0.6983,needs_review,/Users/pornmongkol/Documents/ProjectDSDE_election2026/data/raw/pdfs/extracted/เขตเลือกตั้งที่ 2/02-แบบ ส.ส. 5_17-บัญชีรายชื่อ-นอกเขต.pdf,9
P0,missing_votes,Open source PDF page and type the vote value manually.,39,ชัยภูมิ,5_17_partylist,party_list,,31,,oro,,,,,,0.6889,needs_review,/Users/pornmongkol/Documents/ProjectDSDE_election2026/data/raw/pdfs/extracted/เขตเลือกตั้งที่ 2/02-แบบ ส.ส. 5_17-บัญชีรายชื่อ-นอกเขต.pdf,10
P0,missing_votes,Open source PDF page and type the vote value manually.,41,ชัยภูมิ,5_17_partylist,party_list,,34,,r,,,,,,0.6889,needs_review,/Users/pornmongkol/Documents/ProjectDSDE_election2026/data/raw/pdfs/extracted/เขตเลือกตั้งที่ 2/02-แบบ ส.ส. 5_17-บัญชีรายชื่อ-นอกเขต.pdf,10
P0,missing_votes,Open source PDF page and type the vote value manually.,42,ชัยภูมิ,5_17_partylist,party_list,,57,,usogunsn,,,,,,0.6359,needs_review,/Users/pornmongkol/Documents/ProjectDSDE_election2026/data/raw/pdfs/extracted/เขตเลือกตั้งที่ 2/02-แบบ ส.ส. 5_17-บัญชีรายชื่อ-นอกเขต.pdf,11
P0,missing_votes,Open source PDF page and type the vote value manually.,43,ชัยภูมิ,5_17_partylist,party_list,,8,,...=,,,,,,0.7593,needs_review,/Users/pornmongkol/Documents/ProjectDSDE_election2026/data/raw/pdfs/extracted/เขตเลือกตั้งที่ 2/02-แบบ ส.ส. 5_17-บัญชีรายชื่อ-นอกเขต.pdf,13
P0,missing_votes,Open source PDF page and type the vote value manually.,44,ชัยภูมิ,5_17_partylist,party_list,,5,,.***,,,,,,0.7338,needs_review,/Users/pornmongkol/Documents/ProjectDSDE_election2026/data/raw/pdfs/extracted/เขตเลือกตั้งที่ 2/02-แบบ ส.ส. 5_17-บัญชีรายชื่อ-นอกเขต.pdf,15
P0,missing_votes,Open source PDF page and type the vote value manually.,45,ชัยภูมิ,5_17_partylist,party_list,,57,,.*** **---,,,,,,0.7338,needs_review,/Users/pornmongkol/Documents/ProjectDSDE_election2026/data/raw/pdfs/extracted/เขตเลือกตั้งที่ 2/02-แบบ ส.ส. 5_17-บัญชีรายชื่อ-นอกเขต.pdf,15
P0,missing_votes,Open source PDF page and type the vote value manually.,46,ชัยภูมิ,5_17_partylist,party_list,,6,,s,,,,,,0.7921,needs_review,/Users/pornmongkol/Documents/ProjectDSDE_election2026/data/raw/pdfs/extracted/เขตเลือกตั้งที่ 2/02-แบบ ส.ส. 5_17-บัญชีรายชื่อ-นอกเขต.pdf,17
P0,missing_votes,Open source PDF page and type the vote value manually.,47,ชัยภูมิ,5_17_partylist,party_list,,7,,s s,,,,,,0.7921,needs_review,/Users/pornmongkol/Documents/ProjectDSDE_election2026/data/raw/pdfs/extracted/เขตเลือกตั้งที่ 2/02-แบบ ส.ส. 5_17-บัญชีรายชื่อ-นอกเขต.pdf,17
P0,missing_votes,Open source PDF page and type the vote value manually.,48,ชัยภูมิ,5_17_partylist,party_list,,8,,s,,,,,,0.7921,needs_review,/Users/pornmongkol/Documents/ProjectDSDE_election2026/data/raw/pdfs/extracted/เขตเลือกตั้งที่ 2/02-แบบ ส.ส. 5_17-บัญชีรายชื่อ-นอกเขต.pdf,17
P0,missing_votes,Open source PDF page and type the vote value manually.,49,ชัยภูมิ,5_17_partylist,party_list,,9,,สาม,,,,,,0.7921,needs_review,/Users/pornmongkol/Documents/ProjectDSDE_election2026/data/raw/pdfs/extracted/เขตเลือกตั้งที่ 2/02-แบบ ส.ส. 5_17-บัญชีรายชื่อ-นอกเขต.pdf,17
P0,missing_votes,Open source PDF page and type the vote value manually.,50,ชัยภูมิ,5_17_partylist,party_list,,10,,สาม,,,,,,0.7921,needs_review,/Users/pornmongkol/Documents/ProjectDSDE_election2026/data/raw/pdfs/extracted/เขตเลือกตั้งที่ 2/02-แบบ ส.ส. 5_17-บัญชีรายชื่อ-นอกเขต.pdf,17
P0,missing_votes,Open source PDF page and type the vote value manually.,51,ชัยภูมิ,5_17_partylist,party_list,,27,,d,,,,,,0.6939,needs_review,/Users/pornmongkol/Documents/ProjectDSDE_election2026/data/raw/pdfs/extracted/เขตเลือกตั้งที่ 2/02-แบบ ส.ส. 5_17-บัญชีรายชื่อ-นอกเขต.pdf,18
P0,missing_votes,Open source PDF page and type the vote value manually.,52,ชัยภูมิ,5_17_partylist,party_list,,28,,ไทยก้าวหน้า L d,,,,,,0.6939,needs_review,/Users/pornmongkol/Documents/ProjectDSDE_election2026/data/raw/pdfs/extracted/เขตเลือกตั้งที่ 2/02-แบบ ส.ส. 5_17-บัญชีรายชื่อ-นอกเขต.pdf,18
P0,missing_votes,Open source PDF page and type the vote value manually.,53,ชัยภูมิ,5_17_partylist,party_list,,29,,ไทยภักดี ..$ L,,,,,,0.6939,needs_review,/Users/pornmongkol/Documents/ProjectDSDE_election2026/data/raw/pdfs/extracted/เขตเลือกตั้งที่ 2/02-แบบ ส.ส. 5_17-บัญชีรายชื่อ-นอกเขต.pdf,18
P0,missing_votes,Open source PDF page and type the vote value manually.,54,ชัยภูมิ,5_17_partylist,party_list,,31,,ประชากรไทย ครูไทยเพื่อประชาชน,,,,,,0.6939,needs_review,/Users/pornmongkol/Documents/ProjectDSDE_election2026/data/raw/pdfs/extracted/เขตเลือกตั้งที่ 2/02-แบบ ส.ส. 5_17-บัญชีรายชื่อ-นอกเขต.pdf,18
P0,missing_votes,Open source PDF page and type the vote value manually.,55,ชัยภูมิ,5_17_partylist,party_list,,32,,ครูไทยเพื่อประชาชน,,,,,,0.6939,needs_review,/Users/pornmongkol/Documents/ProjectDSDE_election2026/data/raw/pdfs/extracted/เขตเลือกตั้งที่ 2/02-แบบ ส.ส. 5_17-บัญชีรายชื่อ-นอกเขต.pdf,18
P0,missing_votes,Open source PDF page and type the vote value manually.,56,ชัยภูมิ,5_17_partylist,party_list,,34,,สรางอนาคตไทย d,,,,,,0.6939,needs_review,/Users/pornmongkol/Documents/ProjectDSDE_election2026/data/raw/pdfs/extracted/เขตเลือกตั้งที่ 2/02-แบบ ส.ส. 5_17-บัญชีรายชื่อ-นอกเขต.pdf,18
P0,missing_votes,Open source PDF page and type the vote value manually.,57,ชัยภูมิ,5_17_partylist,party_list,,53,,$,,,,,,0.6798,needs_review,/Users/pornmongkol/Documents/ProjectDSDE_election2026/data/raw/pdfs/extracted/เขตเลือกตั้งที่ 2/02-แบบ ส.ส. 5_17-บัญชีรายชื่อ-นอกเขต.pdf,19
P0,missing_votes,Open source PDF page and type the vote value manually.,58,ชัยภูมิ,5_17_partylist,party_list,,54,,$,,,,,,0.6798,needs_review,/Users/pornmongkol/Documents/ProjectDSDE_election2026/data/raw/pdfs/extracted/เขตเลือกตั้งที่ 2/02-แบบ ส.ส. 5_17-บัญชีรายชื่อ-นอกเขต.pdf,19
P0,missing_votes,Open source PDF page and type the vote value manually.,60,ชัยภูมิ,5_17_partylist,party_list,,28,,d.. p,,,,,,0.6409,needs_review,/Users/pornmongkol/Documents/ProjectDSDE_election2026/data/raw/pdfs/extracted/เขตเลือกตั้งที่ 2/02-แบบ ส.ส. 5_17-บัญชีรายชื่อ-นอกเขต.pdf,22
P0,missing_votes,Open source PDF page and type the vote value manually.,61,ชัยภูมิ,5_17_partylist,party_list,,29,,p C,,,,,,0.6409,needs_review,/Users/pornmongkol/Documents/ProjectDSDE_election2026/data/raw/pdfs/extracted/เขตเลือกตั้งที่ 2/02-แบบ ส.ส. 5_17-บัญชีรายชื่อ-นอกเขต.pdf,22
P0,missing_votes,Open source PDF page and type the vote value manually.,64,ชัยภูมิ,5_17_partylist,party_list,,34,,C,,,,,,0.6409,needs_review,/Users/pornmongkol/Documents/ProjectDSDE_election2026/data/raw/pdfs/extracted/เขตเลือกตั้งที่ 2/02-แบบ ส.ส. 5_17-บัญชีรายชื่อ-นอกเขต.pdf,22
P0,missing_votes,Open source PDF page and type the vote value manually.,65,ชัยภูมิ,5_17_partylist,party_list,,28,,-ous,,,,,,0.6822,needs_review,/Users/pornmongkol/Documents/ProjectDSDE_election2026/data/raw/pdfs/extracted/เขตเลือกตั้งที่ 2/02-แบบ ส.ส. 5_17-บัญชีรายชื่อ-นอกเขต.pdf,26
P0,missing_votes,Open source PDF page and type the vote value manually.,66,ชัยภูมิ,5_17_partylist,party_list,,31,,yes,,,,,,0.6822,needs_review,/Users/pornmongkol/Documents/ProjectDSDE_election2026/data/raw/pdfs/extracted/เขตเลือกตั้งที่ 2/02-แบบ ส.ส. 5_17-บัญชีรายชื่อ-นอกเขต.pdf,26
P0,missing_votes,Open source PDF page and type the vote value manually.,67,ชัยภูมิ,5_17_partylist,party_list,,2,,yes,,,,,,0.6822,needs_review,/Users/pornmongkol/Documents/ProjectDSDE_election2026/data/raw/pdfs/extracted/เขตเลือกตั้งที่ 2/02-แบบ ส.ส. 5_17-บัญชีรายชื่อ-นอกเขต.pdf,26
P0,missing_votes,Open source PDF page and type the vote value manually.,68,ชัยภูมิ,5_17_partylist,party_list,,4,,u,,,,,,0.6822,needs_review,/Users/pornmongkol/Documents/ProjectDSDE_election2026/data/raw/pdfs/extracted/เขตเลือกตั้งที่ 2/02-แบบ ส.ส. 5_17-บัญชีรายชื่อ-นอกเขต.pdf,26
P0,missing_votes,Open source PDF page and type the vote value manually.,69,ชัยภูมิ,5_17_partylist,party_list,,21,,m,,,,,,0.5281,needs_review,/Users/pornmongkol/Documents/ProjectDSDE_election2026/data/raw/pdfs/extracted/เขตเลือกตั้งที่ 2/02-แบบ ส.ส. 5_17-บัญชีรายชื่อ-นอกเขต.pdf,30
P0,missing_votes,Open source PDF page and type the vote value manually.,70,ชัยภูมิ,5_17_partylist,party_list,,6,,m,,,,,,0.5281,needs_review,/Users/pornmongkol/Documents/ProjectDSDE_election2026/data/raw/pdfs/extracted/เขตเลือกตั้งที่ 2/02-แบบ ส.ส. 5_17-บัญชีรายชื่อ-นอกเขต.pdf,30
P0,missing_votes,Open source PDF page and type the vote value manually.,71,ชัยภูมิ,5_17_partylist,party_list,,4,,M,,,,,,0.5281,needs_review,/Users/pornmongkol/Documents/ProjectDSDE_election2026/data/raw/pdfs/extracted/เขตเลือกตั้งที่ 2/02-แบบ ส.ส. 5_17-บัญชีรายชื่อ-นอกเขต.pdf,30
P0,missing_votes,Open source PDF page and type the vote value manually.,72,ชัยภูมิ,5_17_partylist,party_list,,53,,C,,,,,,0.6949,needs_review,/Users/pornmongkol/Documents/ProjectDSDE_election2026/data/raw/pdfs/extracted/เขตเลือกตั้งที่ 2/02-แบบ ส.ส. 5_17-บัญชีรายชื่อ-นอกเขต.pdf,31
P0,missing_votes,Open source PDF page and type the vote value manually.,73,ชัยภูมิ,5_17_partylist,party_list,,54,,C,,,,,,0.6949,needs_review,/Users/pornmongkol/Documents/ProjectDSDE_election2026/data/raw/pdfs/extracted/เขตเลือกตั้งที่ 2/02-แบบ ส.ส. 5_17-บัญชีรายชื่อ-นอกเขต.pdf,31
P0,missing_votes,Open source PDF page and type the vote value manually.,12,ชัยภูมิ,5_17,constituency,,8,g ...ิเช็ด นน,,,,,,,0.6975,needs_review,/Users/pornmongkol/Documents/ProjectDSDE_election2026/data/raw/pdfs/extracted/เขตเลือกตั้งที่ 2/02-แบบ ส.ส. 5_17-แบ่งเขต-นอกเขต.pdf,3
P0,missing_votes,Open source PDF page and type the vote value manually.,13,ชัยภูมิ,5_17,constituency,,5,มยราง ูม$ ภมรมคก,,,,,,,0.7044,needs_review,/Users/pornmongkol/Documents/ProjectDSDE_election2026/data/raw/pdfs/extracted/เขตเลือกตั้งที่ 2/02-แบบ ส.ส. 5_17-แบ่งเขต-นอกเขต.pdf,5
P0,missing_votes,Open source PDF page and type the vote value manually.,15,ชัยภูมิ,5_17,constituency,,11,bMกOงค,,,,,,,0.7065,needs_review,/Users/pornmongkol/Documents/ProjectDSDE_election2026/data/raw/pdfs/extracted/เขตเลือกตั้งที่ 2/02-แบบ ส.ส. 5_17-แบ่งเขต-นอกเขต.pdf,7
P0,missing_votes,Open source PDF page and type the vote value manually.,16,ชัยภูมิ,5_17,constituency,,4,ดย,,,,,,,0.6348,needs_review,/Users/pornmongkol/Documents/ProjectDSDE_election2026/data/raw/pdfs/extracted/เขตเลือกตั้งที่ 2/02-แบบ ส.ส. 5_17-แบ่งเขต-นอกเขต.pdf,15
P0,missing_votes,Open source PDF page and type the vote value manually.,17,ชัยภูมิ,5_17,constituency,,5,งnm ดย,,,,,,,0.6348,needs_review,/Users/pornmongkol/Documents/ProjectDSDE_election2026/data/raw/pdfs/extracted/เขตเลือกตั้งที่ 2/02-แบบ ส.ส. 5_17-แบ่งเขต-นอกเขต.pdf,15
P0,missing_votes,Open source PDF page and type the vote value manually.,18,ชัยภูมิ,5_17,constituency,,7,เศรนกง,,,,,,,0.6348,needs_review,/Users/pornmongkol/Documents/ProjectDSDE_election2026/data/raw/pdfs/extracted/เขตเลือกตั้งที่ 2/02-แบบ ส.ส. 5_17-แบ่งเขต-นอกเขต.pdf,15
P0,missing_votes,Open source PDF page and type the vote value manually.,19,ชัยภูมิ,5_17,constituency,,2,เศรนกง,,,,,,,0.6348,needs_review,/Users/pornmongkol/Documents/ProjectDSDE_election2026/data/raw/pdfs/extracted/เขตเลือกตั้งที่ 2/02-แบบ ส.ส. 5_17-แบ่งเขต-นอกเขต.pdf,15
P0,missing_votes,Open source PDF page and type the vote value manually.,20,ชัยภูมิ,5_17,constituency,,8,เศรนกง,,,,,,,0.6348,needs_review,/Users/pornmongkol/Documents/ProjectDSDE_election2026/data/raw/pdfs/extracted/เขตเลือกตั้งที่ 2/02-แบบ ส.ส. 5_17-แบ่งเขต-นอกเขต.pdf,15
P0,missing_votes,Open source PDF page and type the vote value manually.,3,ชัยภูมิ,5_16_partylist,party_list,,5,,$ us,,,,,,0.7348,needs_review,/Users/pornmongkol/Documents/ProjectDSDE_election2026/data/raw/pdfs/extracted/เขตเลือกตั้งที่ 2/02-แบบ ส.ส.5_16-บัญชีรายชื่อ-นอกเขต.pdf,1
P0,missing_votes,Open source PDF page and type the vote value manually.,4,ชัยภูมิ,5_16_partylist,party_list,,9,,oud,,,,,,0.7348,needs_review,/Users/pornmongkol/Documents/ProjectDSDE_election2026/data/raw/pdfs/extracted/เขตเลือกตั้งที่ 2/02-แบบ ส.ส.5_16-บัญชีรายชื่อ-นอกเขต.pdf,1
P0,missing_votes,Open source PDF page and type the vote value manually.,5,ชัยภูมิ,5_16_partylist,party_list,,10,,oud,,,,,,0.7348,needs_review,/Users/pornmongkol/Documents/ProjectDSDE_election2026/data/raw/pdfs/extracted/เขตเลือกตั้งที่ 2/02-แบบ ส.ส.5_16-บัญชีรายชื่อ-นอกเขต.pdf,1
P0,missing_votes,Open source PDF page and type the vote value manually.,6,ชัยภูมิ,5_16_partylist,party_list,,3,,a,,,,,,0.6823,needs_review,/Users/pornmongkol/Documents/ProjectDSDE_election2026/data/raw/pdfs/extracted/เขตเลือกตั้งที่ 2/02-แบบ ส.ส.5_16-บัญชีรายชื่อ-นอกเขต.pdf,2
P0,missing_votes,Open source PDF page and type the vote value manually.,7,ชัยภูมิ,5_16_partylist,party_list,,1,,a a,,,,,,0.6823,needs_review,/Users/pornmongkol/Documents/ProjectDSDE_election2026/data/raw/pdfs/extracted/เขตเลือกตั้งที่ 2/02-แบบ ส.ส.5_16-บัญชีรายชื่อ-นอกเขต.pdf,2
P0,missing_votes,Open source PDF page and type the vote value manually.,8,ชัยภูมิ,5_16_partylist,party_list,,32,,a,,,,,,0.6823,needs_review,/Users/pornmongkol/Documents/ProjectDSDE_election2026/data/raw/pdfs/extracted/เขตเลือกตั้งที่ 2/02-แบบ ส.ส.5_16-บัญชีรายชื่อ-นอกเขต.pdf,2
P0,missing_votes,Open source PDF page and type the vote value manually.,9,ชัยภูมิ,5_16_partylist,party_list,,54,,ou,,,,,,0.7043,needs_review,/Users/pornmongkol/Documents/ProjectDSDE_election2026/data/raw/pdfs/extracted/เขตเลือกตั้งที่ 2/02-แบบ ส.ส.5_16-บัญชีรายชื่อ-นอกเขต.pdf,3
P0,missing_votes,Open source PDF page and type the vote value manually.,10,ชัยภูมิ,5_16_partylist,party_list,,55,,ou,,,,,,0.7043,needs_review,/Users/pornmongkol/Documents/ProjectDSDE_election2026/data/raw/pdfs/extracted/เขตเลือกตั้งที่ 2/02-แบบ ส.ส.5_16-บัญชีรายชื่อ-นอกเขต.pdf,3
P0,missing_votes,Open source PDF page and type the vote value manually.,1,ชัยภูมิ,5_16,constituency,,8,Asf o,,,,,,,0.6855,needs_review,/Users/pornmongkol/Documents/ProjectDSDE_election2026/data/raw/pdfs/extracted/เขตเลือกตั้งที่ 2/02-แบบ ส.ส.5_16-แบ่งเขต-นอกเขต.pdf,1
P1,master_data_unmatched,Confirm spelling and add alias or correction in external master/correction files.,21,ชัยภูมิ,5_17_partylist,party_list,,7,,V...,3.0,,,,,0.7051,ok,/Users/pornmongkol/Documents/ProjectDSDE_election2026/data/raw/pdfs/extracted/เขตเลือกตั้งที่ 2/02-แบบ ส.ส. 5_17-บัญชีรายชื่อ-นอกเขต.pdf,1
P1,master_data_unmatched,Confirm spelling and add alias or correction in external master/correction files.,22,ชัยภูมิ,5_17_partylist,party_list,,8,,C,,,,,,0.7051,needs_review,/Users/pornmongkol/Documents/ProjectDSDE_election2026/data/raw/pdfs/extracted/เขตเลือกตั้งที่ 2/02-แบบ ส.ส. 5_17-บัญชีรายชื่อ-นอกเขต.pdf,1
P1,parser_marked_needs_review,Resolve parser/OCR uncertainty and add manual correction if repeatable.,22,ชัยภูมิ,5_17_partylist,party_list,,8,,C,,,,,,0.7051,needs_review,/Users/pornmongkol/Documents/ProjectDSDE_election2026/data/raw/pdfs/extracted/เขตเลือกตั้งที่ 2/02-แบบ ส.ส. 5_17-บัญชีรายชื่อ-นอกเขต.pdf,1
P1,low_ocr_confidence,Review the raw image/PDF crop before accepting this row.,23,ชัยภูมิ,5_17_partylist,party_list,,3,,rs,,,,,,0.643,needs_review,/Users/pornmongkol/Documents/ProjectDSDE_election2026/data/raw/pdfs/extracted/เขตเลือกตั้งที่ 2/02-แบบ ส.ส. 5_17-บัญชีรายชื่อ-นอกเขต.pdf,2
P1,master_data_unmatched,Confirm spelling and add alias or correction in external master/correction files.,23,ชัยภูมิ,5_17_partylist,party_list,,3,,rs,,,,,,0.643,needs_review,/Users/pornmongkol/Documents/ProjectDSDE_election2026/data/raw/pdfs/extracted/เขตเลือกตั้งที่ 2/02-แบบ ส.ส. 5_17-บัญชีรายชื่อ-นอกเขต.pdf,2
P1,parser_marked_needs_review,Resolve parser/OCR uncertainty and add manual correction if repeatable.,23,ชัยภูมิ,5_17_partylist,party_list,,3,,rs,,,,,,0.643,needs_review,/Users/pornmongkol/Documents/ProjectDSDE_election2026/data/raw/pdfs/extracted/เขตเลือกตั้งที่ 2/02-แบบ ส.ส. 5_17-บัญชีรายชื่อ-นอกเขต.pdf,2
P1,low_ocr_confidence,Review the raw image/PDF crop before accepting this row.,24,ชัยภูมิ,5_17_partylist,party_list,,31,,rs y$,,,,,,0.643,needs_review,/Users/pornmongkol/Documents/ProjectDSDE_election2026/data/raw/pdfs/extracted/เขตเลือกตั้งที่ 2/02-แบบ ส.ส. 5_17-บัญชีรายชื่อ-นอกเขต.pdf,2
P1,master_data_unmatched,Confirm spelling and add alias or correction in external master/correction files.,24,ชัยภูมิ,5_17_partylist,party_list,,31,,rs y$,,,,,,0.643,needs_review,/Users/pornmongkol/Documents/ProjectDSDE_election2026/data/raw/pdfs/extracted/เขตเลือกตั้งที่ 2/02-แบบ ส.ส. 5_17-บัญชีรายชื่อ-นอกเขต.pdf,2
P1,parser_marked_needs_review,Resolve parser/OCR uncertainty and add manual correction if repeatable.,24,ชัยภูมิ,5_17_partylist,party_list,,31,,rs y$,,,,,,0.643,needs_review,/Users/pornmongkol/Documents/ProjectDSDE_election2026/data/raw/pdfs/extracted/เขตเลือกตั้งที่ 2/02-แบบ ส.ส. 5_17-บัญชีรายชื่อ-นอกเขต.pdf,2
P1,low_ocr_confidence,Review the raw image/PDF crop before accepting this row.,25,ชัยภูมิ,5_17_partylist,party_list,,32,,y$,,,,,,0.643,needs_review,/Users/pornmongkol/Documents/ProjectDSDE_election2026/data/raw/pdfs/extracted/เขตเลือกตั้งที่ 2/02-แบบ ส.ส. 5_17-บัญชีรายชื่อ-นอกเขต.pdf,2
P1,master_data_unmatched,Confirm spelling and add alias or correction in external master/correction files.,25,ชัยภูมิ,5_17_partylist,party_list,,32,,y$,,,,,,0.643,needs_review,/Users/pornmongkol/Documents/ProjectDSDE_election2026/data/raw/pdfs/extracted/เขตเลือกตั้งที่ 2/02-แบบ ส.ส. 5_17-บัญชีรายชื่อ-นอกเขต.pdf,2
P1,parser_marked_needs_review,Resolve parser/OCR uncertainty and add manual correction if repeatable.,25,ชัยภูมิ,5_17_partylist,party_list,,32,,y$,,,,,,0.643,needs_review,/Users/pornmongkol/Documents/ProjectDSDE_election2026/data/raw/pdfs/extracted/เขตเลือกตั้งที่ 2/02-แบบ ส.ส. 5_17-บัญชีรายชื่อ-นอกเขต.pdf,2
P1,low_ocr_confidence,Review the raw image/PDF crop before accepting this row.,26,ชัยภูมิ,5_17_partylist,party_list,,55,,M,,,,,,0.6463,needs_review,/Users/pornmongkol/Documents/ProjectDSDE_election2026/data/raw/pdfs/extracted/เขตเลือกตั้งที่ 2/02-แบบ ส.ส. 5_17-บัญชีรายชื่อ-นอกเขต.pdf,3
P1,master_data_unmatched,Confirm spelling and add alias or correction in external master/correction files.,26,ชัยภูมิ,5_17_partylist,party_list,,55,,M,,,,,,0.6463,needs_review,/Users/pornmongkol/Documents/ProjectDSDE_election2026/data/raw/pdfs/extracted/เขตเลือกตั้งที่ 2/02-แบบ ส.ส. 5_17-บัญชีรายชื่อ-นอกเขต.pdf,3
P1,parser_marked_needs_review,Resolve parser/OCR uncertainty and add manual correction if repeatable.,26,ชัยภูมิ,5_17_partylist,party_list,,55,,M,,,,,,0.6463,needs_review,/Users/pornmongkol/Documents/ProjectDSDE_election2026/data/raw/pdfs/extracted/เขตเลือกตั้งที่ 2/02-แบบ ส.ส. 5_17-บัญชีรายชื่อ-นอกเขต.pdf,3
P1,low_ocr_confidence,Review the raw image/PDF crop before accepting this row.,27,ชัยภูมิ,5_17_partylist,party_list,,5,,ud M,,,,,,0.6463,needs_review,/Users/pornmongkol/Documents/ProjectDSDE_election2026/data/raw/pdfs/extracted/เขตเลือกตั้งที่ 2/02-แบบ ส.ส. 5_17-บัญชีรายชื่อ-นอกเขต.pdf,3
P1,master_data_unmatched,Confirm spelling and add alias or correction in external master/correction files.,27,ชัยภูมิ,5_17_partylist,party_list,,5,,ud M,,,,,,0.6463,needs_review,/Users/pornmongkol/Documents/ProjectDSDE_election2026/data/raw/pdfs/extracted/เขตเลือกตั้งที่ 2/02-แบบ ส.ส. 5_17-บัญชีรายชื่อ-นอกเขต.pdf,3
P1,parser_marked_needs_review,Resolve parser/OCR uncertainty and add manual correction if repeatable.,27,ชัยภูมิ,5_17_partylist,party_list,,5,,ud M,,,,,,0.6463,needs_review,/Users/pornmongkol/Documents/ProjectDSDE_election2026/data/raw/pdfs/extracted/เขตเลือกตั้งที่ 2/02-แบบ ส.ส. 5_17-บัญชีรายชื่อ-นอกเขต.pdf,3
P1,low_ocr_confidence,Review the raw image/PDF crop before accepting this row.,28,ชัยภูมิ,5_17_partylist,party_list,,57,,D tasocD ud,,,,,,0.6463,needs_review,/Users/pornmongkol/Documents/ProjectDSDE_election2026/data/raw/pdfs/extracted/เขตเลือกตั้งที่ 2/02-แบบ ส.ส. 5_17-บัญชีรายชื่อ-นอกเขต.pdf,3
P1,master_data_unmatched,Confirm spelling and add alias or correction in external master/correction files.,28,ชัยภูมิ,5_17_partylist,party_list,,57,,D tasocD ud,,,,,,0.6463,needs_review,/Users/pornmongkol/Documents/ProjectDSDE_election2026/data/raw/pdfs/extracted/เขตเลือกตั้งที่ 2/02-แบบ ส.ส. 5_17-บัญชีรายชื่อ-นอกเขต.pdf,3
P1,parser_marked_needs_review,Resolve parser/OCR uncertainty and add manual correction if repeatable.,28,ชัยภูมิ,5_17_partylist,party_list,,57,,D tasocD ud,,,,,,0.6463,needs_review,/Users/pornmongkol/Documents/ProjectDSDE_election2026/data/raw/pdfs/extracted/เขตเลือกตั้งที่ 2/02-แบบ ส.ส. 5_17-บัญชีรายชื่อ-นอกเขต.pdf,3
P1,master_data_unmatched,Confirm spelling and add alias or correction in external master/correction files.,29,ชัยภูมิ,5_17_partylist,party_list,,4,,Maaทนน,,,,,,0.708,needs_review,/Users/pornmongkol/Documents/ProjectDSDE_election2026/data/raw/pdfs/extracted/เขตเลือกตั้งที่ 2/02-แบบ ส.ส. 5_17-บัญชีรายชื่อ-นอกเขต.pdf,5
P1,parser_marked_needs_review,Resolve parser/OCR uncertainty and add manual correction if repeatable.,29,ชัยภูมิ,5_17_partylist,party_list,,4,,Maaทนน,,,,,,0.708,needs_review,/Users/pornmongkol/Documents/ProjectDSDE_election2026/data/raw/pdfs/extracted/เขตเลือกตั้งที่ 2/02-แบบ ส.ส. 5_17-บัญชีรายชื่อ-นอกเขต.pdf,5
P1,master_data_unmatched,Confirm spelling and add alias or correction in external master/correction files.,30,ชัยภูมิ,5_17_partylist,party_list,,5,,Maaทนน นน,,,,,,0.708,needs_review,/Users/pornmongkol/Documents/ProjectDSDE_election2026/data/raw/pdfs/extracted/เขตเลือกตั้งที่ 2/02-แบบ ส.ส. 5_17-บัญชีรายชื่อ-นอกเขต.pdf,5
P1,parser_marked_needs_review,Resolve parser/OCR uncertainty and add manual correction if repeatable.,30,ชัยภูมิ,5_17_partylist,party_list,,5,,Maaทนน นน,,,,,,0.708,needs_review,/Users/pornmongkol/Documents/ProjectDSDE_election2026/data/raw/pdfs/extracted/เขตเลือกตั้งที่ 2/02-แบบ ส.ส. 5_17-บัญชีรายชื่อ-นอกเขต.pdf,5
P1,master_data_unmatched,Confirm spelling and add alias or correction in external master/correction files.,31,ชัยภูมิ,5_17_partylist,party_list,,8,,-**---*.* กลoา,,,,,,0.708,needs_review,/Users/pornmongkol/Documents/ProjectDSDE_election2026/data/raw/pdfs/extracted/เขตเลือกตั้งที่ 2/02-แบบ ส.ส. 5_17-บัญชีรายชื่อ-นอกเขต.pdf,5
P1,parser_marked_needs_review,Resolve parser/OCR uncertainty and add manual correction if repeatable.,31,ชัยภูมิ,5_17_partylist,party_list,,8,,-**---*.* กลoา,,,,,,0.708,needs_review,/Users/pornmongkol/Documents/ProjectDSDE_election2026/data/raw/pdfs/extracted/เขตเลือกตั้งที่ 2/02-แบบ ส.ส. 5_17-บัญชีรายชื่อ-นอกเขต.pdf,5
P1,master_data_unmatched,Confirm spelling and add alias or correction in external master/correction files.,32,ชัยภูมิ,5_17_partylist,party_list,,9,,-**---*.* ศมทาน,,,,,,0.708,needs_review,/Users/pornmongkol/Documents/ProjectDSDE_election2026/data/raw/pdfs/extracted/เขตเลือกตั้งที่ 2/02-แบบ ส.ส. 5_17-บัญชีรายชื่อ-นอกเขต.pdf,5
P1,parser_marked_needs_review,Resolve parser/OCR uncertainty and add manual correction if repeatable.,32,ชัยภูมิ,5_17_partylist,party_list,,9,,-**---*.* ศมทาน,,,,,,0.708,needs_review,/Users/pornmongkol/Documents/ProjectDSDE_election2026/data/raw/pdfs/extracted/เขตเลือกตั้งที่ 2/02-แบบ ส.ส. 5_17-บัญชีรายชื่อ-นอกเขต.pdf,5
P1,master_data_unmatched,Confirm spelling and add alias or correction in external master/correction files.,33,ชัยภูมิ,5_17_partylist,party_list,,10,,ศมทาน,,,,,,0.708,needs_review,/Users/pornmongkol/Documents/ProjectDSDE_election2026/data/raw/pdfs/extracted/เขตเลือกตั้งที่ 2/02-แบบ ส.ส. 5_17-บัญชีรายชื่อ-นอกเขต.pdf,5
P1,parser_marked_needs_review,Resolve parser/OCR uncertainty and add manual correction if repeatable.,33,ชัยภูมิ,5_17_partylist,party_list,,10,,ศมทาน,,,,,,0.708,needs_review,/Users/pornmongkol/Documents/ProjectDSDE_election2026/data/raw/pdfs/extracted/เขตเลือกตั้งที่ 2/02-แบบ ส.ส. 5_17-บัญชีรายชื่อ-นอกเขต.pdf,5
P1,master_data_unmatched,Confirm spelling and add alias or correction in external master/correction files.,34,ชัยภูมิ,5_17_partylist,party_list,,2,,do,,,,,,0.6983,needs_review,/Users/pornmongkol/Documents/ProjectDSDE_election2026/data/raw/pdfs/extracted/เขตเลือกตั้งที่ 2/02-แบบ ส.ส. 5_17-บัญชีรายชื่อ-นอกเขต.pdf,9
P1,parser_marked_needs_review,Resolve parser/OCR uncertainty and add manual correction if repeatable.,34,ชัยภูมิ,5_17_partylist,party_list,,2,,do,,,,,,0.6983,needs_review,/Users/pornmongkol/Documents/ProjectDSDE_election2026/data/raw/pdfs/extracted/เขตเลือกตั้งที่ 2/02-แบบ ส.ส. 5_17-บัญชีรายชื่อ-นอกเขต.pdf,9
P1,master_data_unmatched,Confirm spelling and add alias or correction in external master/correction files.,35,ชัยภูมิ,5_17_partylist,party_list,,1,,แปก,,,,,,0.6983,needs_review,/Users/pornmongkol/Documents/ProjectDSDE_election2026/data/raw/pdfs/extracted/เขตเลือกตั้งที่ 2/02-แบบ ส.ส. 5_17-บัญชีรายชื่อ-นอกเขต.pdf,9
P1,parser_marked_needs_review,Resolve parser/OCR uncertainty and add manual correction if repeatable.,35,ชัยภูมิ,5_17_partylist,party_list,,1,,แปก,,,,,,0.6983,needs_review,/Users/pornmongkol/Documents/ProjectDSDE_election2026/data/raw/pdfs/extracted/เขตเลือกตั้งที่ 2/02-แบบ ส.ส. 5_17-บัญชีรายชื่อ-นอกเขต.pdf,9
P1,master_data_unmatched,Confirm spelling and add alias or correction in external master/correction files.,36,ชัยภูมิ,5_17_partylist,party_list,,7,,O,,,,,,0.6983,needs_review,/Users/pornmongkol/Documents/ProjectDSDE_election2026/data/raw/pdfs/extracted/เขตเลือกตั้งที่ 2/02-แบบ ส.ส. 5_17-บัญชีรายชื่อ-นอกเขต.pdf,9
P1,parser_marked_needs_review,Resolve parser/OCR uncertainty and add manual correction if repeatable.,36,ชัยภูมิ,5_17_partylist,party_list,,7,,O,,,,,,0.6983,needs_review,/Users/pornmongkol/Documents/ProjectDSDE_election2026/data/raw/pdfs/extracted/เขตเลือกตั้งที่ 2/02-แบบ ส.ส. 5_17-บัญชีรายชื่อ-นอกเขต.pdf,9
P1,master_data_unmatched,Confirm spelling and add alias or correction in external master/correction files.,37,ชัยภูมิ,5_17_partylist,party_list,,9,,คด,,,,,,0.6983,needs_review,/Users/pornmongkol/Documents/ProjectDSDE_election2026/data/raw/pdfs/extracted/เขตเลือกตั้งที่ 2/02-แบบ ส.ส. 5_17-บัญชีรายชื่อ-นอกเขต.pdf,9
P1,parser_marked_needs_review,Resolve parser/OCR uncertainty and add manual correction if repeatable.,37,ชัยภูมิ,5_17_partylist,party_list,,9,,คด,,,,,,0.6983,needs_review,/Users/pornmongkol/Documents/ProjectDSDE_election2026/data/raw/pdfs/extracted/เขตเลือกตั้งที่ 2/02-แบบ ส.ส. 5_17-บัญชีรายชื่อ-นอกเขต.pdf,9
P1,master_data_unmatched,Confirm spelling and add alias or correction in external master/correction files.,38,ชัยภูมิ,5_17_partylist,party_list,,10,,คด,,,,,,0.6983,needs_review,/Users/pornmongkol/Documents/ProjectDSDE_election2026/data/raw/pdfs/extracted/เขตเลือกตั้งที่ 2/02-แบบ ส.ส. 5_17-บัญชีรายชื่อ-นอกเขต.pdf,9
P1,parser_marked_needs_review,Resolve parser/OCR uncertainty and add manual correction if repeatable.,38,ชัยภูมิ,5_17_partylist,party_list,,10,,คด,,,,,,0.6983,needs_review,/Users/pornmongkol/Documents/ProjectDSDE_election2026/data/raw/pdfs/extracted/เขตเลือกตั้งที่ 2/02-แบบ ส.ส. 5_17-บัญชีรายชื่อ-นอกเขต.pdf,9
P1,master_data_unmatched,Confirm spelling and add alias or correction in external master/correction files.,39,ชัยภูมิ,5_17_partylist,party_list,,31,,oro,,,,,,0.6889,needs_review,/Users/pornmongkol/Documents/ProjectDSDE_election2026/data/raw/pdfs/extracted/เขตเลือกตั้งที่ 2/02-แบบ ส.ส. 5_17-บัญชีรายชื่อ-นอกเขต.pdf,10
P1,parser_marked_needs_review,Resolve parser/OCR uncertainty and add manual correction if repeatable.,39,ชัยภูมิ,5_17_partylist,party_list,,31,,oro,,,,,,0.6889,needs_review,/Users/pornmongkol/Documents/ProjectDSDE_election2026/data/raw/pdfs/extracted/เขตเลือกตั้งที่ 2/02-แบบ ส.ส. 5_17-บัญชีรายชื่อ-นอกเขต.pdf,10
P1,master_data_unmatched,Confirm spelling and add alias or correction in external master/correction files.,40,ชัยภูมิ,5_17_partylist,party_list,,32,,oro,4.0,,,,,0.6889,ok,/Users/pornmongkol/Documents/ProjectDSDE_election2026/data/raw/pdfs/extracted/เขตเลือกตั้งที่ 2/02-แบบ ส.ส. 5_17-บัญชีรายชื่อ-นอกเขต.pdf,10
P1,master_data_unmatched,Confirm spelling and add alias or correction in external master/correction files.,41,ชัยภูมิ,5_17_partylist,party_list,,34,,r,,,,,,0.6889,needs_review,/Users/pornmongkol/Documents/ProjectDSDE_election2026/data/raw/pdfs/extracted/เขตเลือกตั้งที่ 2/02-แบบ ส.ส. 5_17-บัญชีรายชื่อ-นอกเขต.pdf,10
P1,parser_marked_needs_review,Resolve parser/OCR uncertainty and add manual correction if repeatable.,41,ชัยภูมิ,5_17_partylist,party_list,,34,,r,,,,,,0.6889,needs_review,/Users/pornmongkol/Documents/ProjectDSDE_election2026/data/raw/pdfs/extracted/เขตเลือกตั้งที่ 2/02-แบบ ส.ส. 5_17-บัญชีรายชื่อ-นอกเขต.pdf,10
P1,low_ocr_confidence,Review the raw image/PDF crop before accepting this row.,42,ชัยภูมิ,5_17_partylist,party_list,,57,,usogunsn,,,,,,0.6359,needs_review,/Users/pornmongkol/Documents/ProjectDSDE_election2026/data/raw/pdfs/extracted/เขตเลือกตั้งที่ 2/02-แบบ ส.ส. 5_17-บัญชีรายชื่อ-นอกเขต.pdf,11
P1,master_data_unmatched,Confirm spelling and add alias or correction in external master/correction files.,42,ชัยภูมิ,5_17_partylist,party_list,,57,,usogunsn,,,,,,0.6359,needs_review,/Users/pornmongkol/Documents/ProjectDSDE_election2026/data/raw/pdfs/extracted/เขตเลือกตั้งที่ 2/02-แบบ ส.ส. 5_17-บัญชีรายชื่อ-นอกเขต.pdf,11
P1,parser_marked_needs_review,Resolve parser/OCR uncertainty and add manual correction if repeatable.,42,ชัยภูมิ,5_17_partylist,party_list,,57,,usogunsn,,,,,,0.6359,needs_review,/Users/pornmongkol/Documents/ProjectDSDE_election2026/data/raw/pdfs/extracted/เขตเลือกตั้งที่ 2/02-แบบ ส.ส. 5_17-บัญชีรายชื่อ-นอกเขต.pdf,11
P1,master_data_unmatched,Confirm spelling and add alias or correction in external master/correction files.,43,ชัยภูมิ,5_17_partylist,party_list,,8,,...=,,,,,,0.7593,needs_review,/Users/pornmongkol/Documents/ProjectDSDE_election2026/data/raw/pdfs/extracted/เขตเลือกตั้งที่ 2/02-แบบ ส.ส. 5_17-บัญชีรายชื่อ-นอกเขต.pdf,13
P1,parser_marked_needs_review,Resolve parser/OCR uncertainty and add manual correction if repeatable.,43,ชัยภูมิ,5_17_partylist,party_list,,8,,...=,,,,,,0.7593,needs_review,/Users/pornmongkol/Documents/ProjectDSDE_election2026/data/raw/pdfs/extracted/เขตเลือกตั้งที่ 2/02-แบบ ส.ส. 5_17-บัญชีรายชื่อ-นอกเขต.pdf,13
P1,master_data_unmatched,Confirm spelling and add alias or correction in external master/correction files.,44,ชัยภูมิ,5_17_partylist,party_list,,5,,.***,,,,,,0.7338,needs_review,/Users/pornmongkol/Documents/ProjectDSDE_election2026/data/raw/pdfs/extracted/เขตเลือกตั้งที่ 2/02-แบบ ส.ส. 5_17-บัญชีรายชื่อ-นอกเขต.pdf,15
P1,parser_marked_needs_review,Resolve parser/OCR uncertainty and add manual correction if repeatable.,44,ชัยภูมิ,5_17_partylist,party_list,,5,,.***,,,,,,0.7338,needs_review,/Users/pornmongkol/Documents/ProjectDSDE_election2026/data/raw/pdfs/extracted/เขตเลือกตั้งที่ 2/02-แบบ ส.ส. 5_17-บัญชีรายชื่อ-นอกเขต.pdf,15
P1,master_data_unmatched,Confirm spelling and add alias or correction in external master/correction files.,45,ชัยภูมิ,5_17_partylist,party_list,,57,,.*** **---,,,,,,0.7338,needs_review,/Users/pornmongkol/Documents/ProjectDSDE_election2026/data/raw/pdfs/extracted/เขตเลือกตั้งที่ 2/02-แบบ ส.ส. 5_17-บัญชีรายชื่อ-นอกเขต.pdf,15
P1,parser_marked_needs_review,Resolve parser/OCR uncertainty and add manual correction if repeatable.,45,ชัยภูมิ,5_17_partylist,party_list,,57,,.*** **---,,,,,,0.7338,needs_review,/Users/pornmongkol/Documents/ProjectDSDE_election2026/data/raw/pdfs/extracted/เขตเลือกตั้งที่ 2/02-แบบ ส.ส. 5_17-บัญชีรายชื่อ-นอกเขต.pdf,15
P1,master_data_unmatched,Confirm spelling and add alias or correction in external master/correction files.,46,ชัยภูมิ,5_17_partylist,party_list,,6,,s,,,,,,0.7921,needs_review,/Users/pornmongkol/Documents/ProjectDSDE_election2026/data/raw/pdfs/extracted/เขตเลือกตั้งที่ 2/02-แบบ ส.ส. 5_17-บัญชีรายชื่อ-นอกเขต.pdf,17
P1,parser_marked_needs_review,Resolve parser/OCR uncertainty and add manual correction if repeatable.,46,ชัยภูมิ,5_17_partylist,party_list,,6,,s,,,,,,0.7921,needs_review,/Users/pornmongkol/Documents/ProjectDSDE_election2026/data/raw/pdfs/extracted/เขตเลือกตั้งที่ 2/02-แบบ ส.ส. 5_17-บัญชีรายชื่อ-นอกเขต.pdf,17
P1,master_data_unmatched,Confirm spelling and add alias or correction in external master/correction files.,47,ชัยภูมิ,5_17_partylist,party_list,,7,,s s,,,,,,0.7921,needs_review,/Users/pornmongkol/Documents/ProjectDSDE_election2026/data/raw/pdfs/extracted/เขตเลือกตั้งที่ 2/02-แบบ ส.ส. 5_17-บัญชีรายชื่อ-นอกเขต.pdf,17
P1,parser_marked_needs_review,Resolve parser/OCR uncertainty and add manual correction if repeatable.,47,ชัยภูมิ,5_17_partylist,party_list,,7,,s s,,,,,,0.7921,needs_review,/Users/pornmongkol/Documents/ProjectDSDE_election2026/data/raw/pdfs/extracted/เขตเลือกตั้งที่ 2/02-แบบ ส.ส. 5_17-บัญชีรายชื่อ-นอกเขต.pdf,17
P1,master_data_unmatched,Confirm spelling and add alias or correction in external master/correction files.,48,ชัยภูมิ,5_17_partylist,party_list,,8,,s,,,,,,0.7921,needs_review,/Users/pornmongkol/Documents/ProjectDSDE_election2026/data/raw/pdfs/extracted/เขตเลือกตั้งที่ 2/02-แบบ ส.ส. 5_17-บัญชีรายชื่อ-นอกเขต.pdf,17
P1,parser_marked_needs_review,Resolve parser/OCR uncertainty and add manual correction if repeatable.,48,ชัยภูมิ,5_17_partylist,party_list,,8,,s,,,,,,0.7921,needs_review,/Users/pornmongkol/Documents/ProjectDSDE_election2026/data/raw/pdfs/extracted/เขตเลือกตั้งที่ 2/02-แบบ ส.ส. 5_17-บัญชีรายชื่อ-นอกเขต.pdf,17
P1,master_data_unmatched,Confirm spelling and add alias or correction in external master/correction files.,49,ชัยภูมิ,5_17_partylist,party_list,,9,,สาม,,,,,,0.7921,needs_review,/Users/pornmongkol/Documents/ProjectDSDE_election2026/data/raw/pdfs/extracted/เขตเลือกตั้งที่ 2/02-แบบ ส.ส. 5_17-บัญชีรายชื่อ-นอกเขต.pdf,17
P1,parser_marked_needs_review,Resolve parser/OCR uncertainty and add manual correction if repeatable.,49,ชัยภูมิ,5_17_partylist,party_list,,9,,สาม,,,,,,0.7921,needs_review,/Users/pornmongkol/Documents/ProjectDSDE_election2026/data/raw/pdfs/extracted/เขตเลือกตั้งที่ 2/02-แบบ ส.ส. 5_17-บัญชีรายชื่อ-นอกเขต.pdf,17
P1,master_data_unmatched,Confirm spelling and add alias or correction in external master/correction files.,50,ชัยภูมิ,5_17_partylist,party_list,,10,,สาม,,,,,,0.7921,needs_review,/Users/pornmongkol/Documents/ProjectDSDE_election2026/data/raw/pdfs/extracted/เขตเลือกตั้งที่ 2/02-แบบ ส.ส. 5_17-บัญชีรายชื่อ-นอกเขต.pdf,17
P1,parser_marked_needs_review,Resolve parser/OCR uncertainty and add manual correction if repeatable.,50,ชัยภูมิ,5_17_partylist,party_list,,10,,สาม,,,,,,0.7921,needs_review,/Users/pornmongkol/Documents/ProjectDSDE_election2026/data/raw/pdfs/extracted/เขตเลือกตั้งที่ 2/02-แบบ ส.ส. 5_17-บัญชีรายชื่อ-นอกเขต.pdf,17
P1,master_data_unmatched,Confirm spelling and add alias or correction in external master/correction files.,51,ชัยภูมิ,5_17_partylist,party_list,,27,,d,,,,,,0.6939,needs_review,/Users/pornmongkol/Documents/ProjectDSDE_election2026/data/raw/pdfs/extracted/เขตเลือกตั้งที่ 2/02-แบบ ส.ส. 5_17-บัญชีรายชื่อ-นอกเขต.pdf,18
P1,parser_marked_needs_review,Resolve parser/OCR uncertainty and add manual correction if repeatable.,51,ชัยภูมิ,5_17_partylist,party_list,,27,,d,,,,,,0.6939,needs_review,/Users/pornmongkol/Documents/ProjectDSDE_election2026/data/raw/pdfs/extracted/เขตเลือกตั้งที่ 2/02-แบบ ส.ส. 5_17-บัญชีรายชื่อ-นอกเขต.pdf,18
P1,master_data_unmatched,Confirm spelling and add alias or correction in external master/correction files.,52,ชัยภูมิ,5_17_partylist,party_list,,28,,ไทยก้าวหน้า L d,,,,,,0.6939,needs_review,/Users/pornmongkol/Documents/ProjectDSDE_election2026/data/raw/pdfs/extracted/เขตเลือกตั้งที่ 2/02-แบบ ส.ส. 5_17-บัญชีรายชื่อ-นอกเขต.pdf,18
P1,parser_marked_needs_review,Resolve parser/OCR uncertainty and add manual correction if repeatable.,52,ชัยภูมิ,5_17_partylist,party_list,,28,,ไทยก้าวหน้า L d,,,,,,0.6939,needs_review,/Users/pornmongkol/Documents/ProjectDSDE_election2026/data/raw/pdfs/extracted/เขตเลือกตั้งที่ 2/02-แบบ ส.ส. 5_17-บัญชีรายชื่อ-นอกเขต.pdf,18
P1,master_data_unmatched,Confirm spelling and add alias or correction in external master/correction files.,53,ชัยภูมิ,5_17_partylist,party_list,,29,,ไทยภักดี ..$ L,,,,,,0.6939,needs_review,/Users/pornmongkol/Documents/ProjectDSDE_election2026/data/raw/pdfs/extracted/เขตเลือกตั้งที่ 2/02-แบบ ส.ส. 5_17-บัญชีรายชื่อ-นอกเขต.pdf,18
P1,parser_marked_needs_review,Resolve parser/OCR uncertainty and add manual correction if repeatable.,53,ชัยภูมิ,5_17_partylist,party_list,,29,,ไทยภักดี ..$ L,,,,,,0.6939,needs_review,/Users/pornmongkol/Documents/ProjectDSDE_election2026/data/raw/pdfs/extracted/เขตเลือกตั้งที่ 2/02-แบบ ส.ส. 5_17-บัญชีรายชื่อ-นอกเขต.pdf,18
P1,master_data_unmatched,Confirm spelling and add alias or correction in external master/correction files.,54,ชัยภูมิ,5_17_partylist,party_list,,31,,ประชากรไทย ครูไทยเพื่อประชาชน,,,,,,0.6939,needs_review,/Users/pornmongkol/Documents/ProjectDSDE_election2026/data/raw/pdfs/extracted/เขตเลือกตั้งที่ 2/02-แบบ ส.ส. 5_17-บัญชีรายชื่อ-นอกเขต.pdf,18
P1,parser_marked_needs_review,Resolve parser/OCR uncertainty and add manual correction if repeatable.,54,ชัยภูมิ,5_17_partylist,party_list,,31,,ประชากรไทย ครูไทยเพื่อประชาชน,,,,,,0.6939,needs_review,/Users/pornmongkol/Documents/ProjectDSDE_election2026/data/raw/pdfs/extracted/เขตเลือกตั้งที่ 2/02-แบบ ส.ส. 5_17-บัญชีรายชื่อ-นอกเขต.pdf,18
P1,master_data_unmatched,Confirm spelling and add alias or correction in external master/correction files.,55,ชัยภูมิ,5_17_partylist,party_list,,32,,ครูไทยเพื่อประชาชน,,,,,,0.6939,needs_review,/Users/pornmongkol/Documents/ProjectDSDE_election2026/data/raw/pdfs/extracted/เขตเลือกตั้งที่ 2/02-แบบ ส.ส. 5_17-บัญชีรายชื่อ-นอกเขต.pdf,18
P1,parser_marked_needs_review,Resolve parser/OCR uncertainty and add manual correction if repeatable.,55,ชัยภูมิ,5_17_partylist,party_list,,32,,ครูไทยเพื่อประชาชน,,,,,,0.6939,needs_review,/Users/pornmongkol/Documents/ProjectDSDE_election2026/data/raw/pdfs/extracted/เขตเลือกตั้งที่ 2/02-แบบ ส.ส. 5_17-บัญชีรายชื่อ-นอกเขต.pdf,18
P1,master_data_unmatched,Confirm spelling and add alias or correction in external master/correction files.,56,ชัยภูมิ,5_17_partylist,party_list,,34,,สรางอนาคตไทย d,,,,,,0.6939,needs_review,/Users/pornmongkol/Documents/ProjectDSDE_election2026/data/raw/pdfs/extracted/เขตเลือกตั้งที่ 2/02-แบบ ส.ส. 5_17-บัญชีรายชื่อ-นอกเขต.pdf,18
P1,parser_marked_needs_review,Resolve parser/OCR uncertainty and add manual correction if repeatable.,56,ชัยภูมิ,5_17_partylist,party_list,,34,,สรางอนาคตไทย d,,,,,,0.6939,needs_review,/Users/pornmongkol/Documents/ProjectDSDE_election2026/data/raw/pdfs/extracted/เขตเลือกตั้งที่ 2/02-แบบ ส.ส. 5_17-บัญชีรายชื่อ-นอกเขต.pdf,18
P1,master_data_unmatched,Confirm spelling and add alias or correction in external master/correction files.,57,ชัยภูมิ,5_17_partylist,party_list,,53,,$,,,,,,0.6798,needs_review,/Users/pornmongkol/Documents/ProjectDSDE_election2026/data/raw/pdfs/extracted/เขตเลือกตั้งที่ 2/02-แบบ ส.ส. 5_17-บัญชีรายชื่อ-นอกเขต.pdf,19
P1,parser_marked_needs_review,Resolve parser/OCR uncertainty and add manual correction if repeatable.,57,ชัยภูมิ,5_17_partylist,party_list,,53,,$,,,,,,0.6798,needs_review,/Users/pornmongkol/Documents/ProjectDSDE_election2026/data/raw/pdfs/extracted/เขตเลือกตั้งที่ 2/02-แบบ ส.ส. 5_17-บัญชีรายชื่อ-นอกเขต.pdf,19
P1,master_data_unmatched,Confirm spelling and add alias or correction in external master/correction files.,58,ชัยภูมิ,5_17_partylist,party_list,,54,,$,,,,,,0.6798,needs_review,/Users/pornmongkol/Documents/ProjectDSDE_election2026/data/raw/pdfs/extracted/เขตเลือกตั้งที่ 2/02-แบบ ส.ส. 5_17-บัญชีรายชื่อ-นอกเขต.pdf,19
P1,parser_marked_needs_review,Resolve parser/OCR uncertainty and add manual correction if repeatable.,58,ชัยภูมิ,5_17_partylist,party_list,,54,,$,,,,,,0.6798,needs_review,/Users/pornmongkol/Documents/ProjectDSDE_election2026/data/raw/pdfs/extracted/เขตเลือกตั้งที่ 2/02-แบบ ส.ส. 5_17-บัญชีรายชื่อ-นอกเขต.pdf,19
P1,low_ocr_confidence,Review the raw image/PDF crop before accepting this row.,59,ชัยภูมิ,5_17_partylist,party_list,,27,,d..,0.0,,,,,0.6409,needs_review,/Users/pornmongkol/Documents/ProjectDSDE_election2026/data/raw/pdfs/extracted/เขตเลือกตั้งที่ 2/02-แบบ ส.ส. 5_17-บัญชีรายชื่อ-นอกเขต.pdf,22
P1,master_data_unmatched,Confirm spelling and add alias or correction in external master/correction files.,59,ชัยภูมิ,5_17_partylist,party_list,,27,,d..,0.0,,,,,0.6409,needs_review,/Users/pornmongkol/Documents/ProjectDSDE_election2026/data/raw/pdfs/extracted/เขตเลือกตั้งที่ 2/02-แบบ ส.ส. 5_17-บัญชีรายชื่อ-นอกเขต.pdf,22
P1,parser_marked_needs_review,Resolve parser/OCR uncertainty and add manual correction if repeatable.,59,ชัยภูมิ,5_17_partylist,party_list,,27,,d..,0.0,,,,,0.6409,needs_review,/Users/pornmongkol/Documents/ProjectDSDE_election2026/data/raw/pdfs/extracted/เขตเลือกตั้งที่ 2/02-แบบ ส.ส. 5_17-บัญชีรายชื่อ-นอกเขต.pdf,22
P1,low_ocr_confidence,Review the raw image/PDF crop before accepting this row.,60,ชัยภูมิ,5_17_partylist,party_list,,28,,d.. p,,,,,,0.6409,needs_review,/Users/pornmongkol/Documents/ProjectDSDE_election2026/data/raw/pdfs/extracted/เขตเลือกตั้งที่ 2/02-แบบ ส.ส. 5_17-บัญชีรายชื่อ-นอกเขต.pdf,22
P1,master_data_unmatched,Confirm spelling and add alias or correction in external master/correction files.,60,ชัยภูมิ,5_17_partylist,party_list,,28,,d.. p,,,,,,0.6409,needs_review,/Users/pornmongkol/Documents/ProjectDSDE_election2026/data/raw/pdfs/extracted/เขตเลือกตั้งที่ 2/02-แบบ ส.ส. 5_17-บัญชีรายชื่อ-นอกเขต.pdf,22
P1,parser_marked_needs_review,Resolve parser/OCR uncertainty and add manual correction if repeatable.,60,ชัยภูมิ,5_17_partylist,party_list,,28,,d.. p,,,,,,0.6409,needs_review,/Users/pornmongkol/Documents/ProjectDSDE_election2026/data/raw/pdfs/extracted/เขตเลือกตั้งที่ 2/02-แบบ ส.ส. 5_17-บัญชีรายชื่อ-นอกเขต.pdf,22
P1,low_ocr_confidence,Review the raw image/PDF crop before accepting this row.,61,ชัยภูมิ,5_17_partylist,party_list,,29,,p C,,,,,,0.6409,needs_review,/Users/pornmongkol/Documents/ProjectDSDE_election2026/data/raw/pdfs/extracted/เขตเลือกตั้งที่ 2/02-แบบ ส.ส. 5_17-บัญชีรายชื่อ-นอกเขต.pdf,22
P1,master_data_unmatched,Confirm spelling and add alias or correction in external master/correction files.,61,ชัยภูมิ,5_17_partylist,party_list,,29,,p C,,,,,,0.6409,needs_review,/Users/pornmongkol/Documents/ProjectDSDE_election2026/data/raw/pdfs/extracted/เขตเลือกตั้งที่ 2/02-แบบ ส.ส. 5_17-บัญชีรายชื่อ-นอกเขต.pdf,22
P1,parser_marked_needs_review,Resolve parser/OCR uncertainty and add manual correction if repeatable.,61,ชัยภูมิ,5_17_partylist,party_list,,29,,p C,,,,,,0.6409,needs_review,/Users/pornmongkol/Documents/ProjectDSDE_election2026/data/raw/pdfs/extracted/เขตเลือกตั้งที่ 2/02-แบบ ส.ส. 5_17-บัญชีรายชื่อ-นอกเขต.pdf,22
P1,low_ocr_confidence,Review the raw image/PDF crop before accepting this row.,62,ชัยภูมิ,5_17_partylist,party_list,,3,,C,45.0,,,,,0.6409,needs_review,/Users/pornmongkol/Documents/ProjectDSDE_election2026/data/raw/pdfs/extracted/เขตเลือกตั้งที่ 2/02-แบบ ส.ส. 5_17-บัญชีรายชื่อ-นอกเขต.pdf,22
P1,master_data_unmatched,Confirm spelling and add alias or correction in external master/correction files.,62,ชัยภูมิ,5_17_partylist,party_list,,3,,C,45.0,,,,,0.6409,needs_review,/Users/pornmongkol/Documents/ProjectDSDE_election2026/data/raw/pdfs/extracted/เขตเลือกตั้งที่ 2/02-แบบ ส.ส. 5_17-บัญชีรายชื่อ-นอกเขต.pdf,22
P1,parser_marked_needs_review,Resolve parser/OCR uncertainty and add manual correction if repeatable.,62,ชัยภูมิ,5_17_partylist,party_list,,3,,C,45.0,,,,,0.6409,needs_review,/Users/pornmongkol/Documents/ProjectDSDE_election2026/data/raw/pdfs/extracted/เขตเลือกตั้งที่ 2/02-แบบ ส.ส. 5_17-บัญชีรายชื่อ-นอกเขต.pdf,22
P1,low_ocr_confidence,Review the raw image/PDF crop before accepting this row.,63,ชัยภูมิ,5_17_partylist,party_list,,32,,e,8.0,,,,,0.6409,needs_review,/Users/pornmongkol/Documents/ProjectDSDE_election2026/data/raw/pdfs/extracted/เขตเลือกตั้งที่ 2/02-แบบ ส.ส. 5_17-บัญชีรายชื่อ-นอกเขต.pdf,22
P1,master_data_unmatched,Confirm spelling and add alias or correction in external master/correction files.,63,ชัยภูมิ,5_17_partylist,party_list,,32,,e,8.0,,,,,0.6409,needs_review,/Users/pornmongkol/Documents/ProjectDSDE_election2026/data/raw/pdfs/extracted/เขตเลือกตั้งที่ 2/02-แบบ ส.ส. 5_17-บัญชีรายชื่อ-นอกเขต.pdf,22
P1,parser_marked_needs_review,Resolve parser/OCR uncertainty and add manual correction if repeatable.,63,ชัยภูมิ,5_17_partylist,party_list,,32,,e,8.0,,,,,0.6409,needs_review,/Users/pornmongkol/Documents/ProjectDSDE_election2026/data/raw/pdfs/extracted/เขตเลือกตั้งที่ 2/02-แบบ ส.ส. 5_17-บัญชีรายชื่อ-นอกเขต.pdf,22
P1,low_ocr_confidence,Review the raw image/PDF crop before accepting this row.,64,ชัยภูมิ,5_17_partylist,party_list,,34,,C,,,,,,0.6409,needs_review,/Users/pornmongkol/Documents/ProjectDSDE_election2026/data/raw/pdfs/extracted/เขตเลือกตั้งที่ 2/02-แบบ ส.ส. 5_17-บัญชีรายชื่อ-นอกเขต.pdf,22
P1,master_data_unmatched,Confirm spelling and add alias or correction in external master/correction files.,64,ชัยภูมิ,5_17_partylist,party_list,,34,,C,,,,,,0.6409,needs_review,/Users/pornmongkol/Documents/ProjectDSDE_election2026/data/raw/pdfs/extracted/เขตเลือกตั้งที่ 2/02-แบบ ส.ส. 5_17-บัญชีรายชื่อ-นอกเขต.pdf,22
P1,parser_marked_needs_review,Resolve parser/OCR uncertainty and add manual correction if repeatable.,64,ชัยภูมิ,5_17_partylist,party_list,,34,,C,,,,,,0.6409,needs_review,/Users/pornmongkol/Documents/ProjectDSDE_election2026/data/raw/pdfs/extracted/เขตเลือกตั้งที่ 2/02-แบบ ส.ส. 5_17-บัญชีรายชื่อ-นอกเขต.pdf,22
P1,master_data_unmatched,Confirm spelling and add alias or correction in external master/correction files.,65,ชัยภูมิ,5_17_partylist,party_list,,28,,-ous,,,,,,0.6822,needs_review,/Users/pornmongkol/Documents/ProjectDSDE_election2026/data/raw/pdfs/extracted/เขตเลือกตั้งที่ 2/02-แบบ ส.ส. 5_17-บัญชีรายชื่อ-นอกเขต.pdf,26
P1,parser_marked_needs_review,Resolve parser/OCR uncertainty and add manual correction if repeatable.,65,ชัยภูมิ,5_17_partylist,party_list,,28,,-ous,,,,,,0.6822,needs_review,/Users/pornmongkol/Documents/ProjectDSDE_election2026/data/raw/pdfs/extracted/เขตเลือกตั้งที่ 2/02-แบบ ส.ส. 5_17-บัญชีรายชื่อ-นอกเขต.pdf,26
P1,master_data_unmatched,Confirm spelling and add alias or correction in external master/correction files.,66,ชัยภูมิ,5_17_partylist,party_list,,31,,yes,,,,,,0.6822,needs_review,/Users/pornmongkol/Documents/ProjectDSDE_election2026/data/raw/pdfs/extracted/เขตเลือกตั้งที่ 2/02-แบบ ส.ส. 5_17-บัญชีรายชื่อ-นอกเขต.pdf,26
P1,parser_marked_needs_review,Resolve parser/OCR uncertainty and add manual correction if repeatable.,66,ชัยภูมิ,5_17_partylist,party_list,,31,,yes,,,,,,0.6822,needs_review,/Users/pornmongkol/Documents/ProjectDSDE_election2026/data/raw/pdfs/extracted/เขตเลือกตั้งที่ 2/02-แบบ ส.ส. 5_17-บัญชีรายชื่อ-นอกเขต.pdf,26
P1,master_data_unmatched,Confirm spelling and add alias or correction in external master/correction files.,67,ชัยภูมิ,5_17_partylist,party_list,,2,,yes,,,,,,0.6822,needs_review,/Users/pornmongkol/Documents/ProjectDSDE_election2026/data/raw/pdfs/extracted/เขตเลือกตั้งที่ 2/02-แบบ ส.ส. 5_17-บัญชีรายชื่อ-นอกเขต.pdf,26
P1,parser_marked_needs_review,Resolve parser/OCR uncertainty and add manual correction if repeatable.,67,ชัยภูมิ,5_17_partylist,party_list,,2,,yes,,,,,,0.6822,needs_review,/Users/pornmongkol/Documents/ProjectDSDE_election2026/data/raw/pdfs/extracted/เขตเลือกตั้งที่ 2/02-แบบ ส.ส. 5_17-บัญชีรายชื่อ-นอกเขต.pdf,26
P1,master_data_unmatched,Confirm spelling and add alias or correction in external master/correction files.,68,ชัยภูมิ,5_17_partylist,party_list,,4,,u,,,,,,0.6822,needs_review,/Users/pornmongkol/Documents/ProjectDSDE_election2026/data/raw/pdfs/extracted/เขตเลือกตั้งที่ 2/02-แบบ ส.ส. 5_17-บัญชีรายชื่อ-นอกเขต.pdf,26
P1,parser_marked_needs_review,Resolve parser/OCR uncertainty and add manual correction if repeatable.,68,ชัยภูมิ,5_17_partylist,party_list,,4,,u,,,,,,0.6822,needs_review,/Users/pornmongkol/Documents/ProjectDSDE_election2026/data/raw/pdfs/extracted/เขตเลือกตั้งที่ 2/02-แบบ ส.ส. 5_17-บัญชีรายชื่อ-นอกเขต.pdf,26
P1,low_ocr_confidence,Review the raw image/PDF crop before accepting this row.,69,ชัยภูมิ,5_17_partylist,party_list,,21,,m,,,,,,0.5281,needs_review,/Users/pornmongkol/Documents/ProjectDSDE_election2026/data/raw/pdfs/extracted/เขตเลือกตั้งที่ 2/02-แบบ ส.ส. 5_17-บัญชีรายชื่อ-นอกเขต.pdf,30
P1,master_data_unmatched,Confirm spelling and add alias or correction in external master/correction files.,69,ชัยภูมิ,5_17_partylist,party_list,,21,,m,,,,,,0.5281,needs_review,/Users/pornmongkol/Documents/ProjectDSDE_election2026/data/raw/pdfs/extracted/เขตเลือกตั้งที่ 2/02-แบบ ส.ส. 5_17-บัญชีรายชื่อ-นอกเขต.pdf,30
P1,parser_marked_needs_review,Resolve parser/OCR uncertainty and add manual correction if repeatable.,69,ชัยภูมิ,5_17_partylist,party_list,,21,,m,,,,,,0.5281,needs_review,/Users/pornmongkol/Documents/ProjectDSDE_election2026/data/raw/pdfs/extracted/เขตเลือกตั้งที่ 2/02-แบบ ส.ส. 5_17-บัญชีรายชื่อ-นอกเขต.pdf,30
P1,low_ocr_confidence,Review the raw image/PDF crop before accepting this row.,70,ชัยภูมิ,5_17_partylist,party_list,,6,,m,,,,,,0.5281,needs_review,/Users/pornmongkol/Documents/ProjectDSDE_election2026/data/raw/pdfs/extracted/เขตเลือกตั้งที่ 2/02-แบบ ส.ส. 5_17-บัญชีรายชื่อ-นอกเขต.pdf,30
P1,master_data_unmatched,Confirm spelling and add alias or correction in external master/correction files.,70,ชัยภูมิ,5_17_partylist,party_list,,6,,m,,,,,,0.5281,needs_review,/Users/pornmongkol/Documents/ProjectDSDE_election2026/data/raw/pdfs/extracted/เขตเลือกตั้งที่ 2/02-แบบ ส.ส. 5_17-บัญชีรายชื่อ-นอกเขต.pdf,30
P1,parser_marked_needs_review,Resolve parser/OCR uncertainty and add manual correction if repeatable.,70,ชัยภูมิ,5_17_partylist,party_list,,6,,m,,,,,,0.5281,needs_review,/Users/pornmongkol/Documents/ProjectDSDE_election2026/data/raw/pdfs/extracted/เขตเลือกตั้งที่ 2/02-แบบ ส.ส. 5_17-บัญชีรายชื่อ-นอกเขต.pdf,30
P1,low_ocr_confidence,Review the raw image/PDF crop before accepting this row.,71,ชัยภูมิ,5_17_partylist,party_list,,4,,M,,,,,,0.5281,needs_review,/Users/pornmongkol/Documents/ProjectDSDE_election2026/data/raw/pdfs/extracted/เขตเลือกตั้งที่ 2/02-แบบ ส.ส. 5_17-บัญชีรายชื่อ-นอกเขต.pdf,30
P1,master_data_unmatched,Confirm spelling and add alias or correction in external master/correction files.,71,ชัยภูมิ,5_17_partylist,party_list,,4,,M,,,,,,0.5281,needs_review,/Users/pornmongkol/Documents/ProjectDSDE_election2026/data/raw/pdfs/extracted/เขตเลือกตั้งที่ 2/02-แบบ ส.ส. 5_17-บัญชีรายชื่อ-นอกเขต.pdf,30
P1,parser_marked_needs_review,Resolve parser/OCR uncertainty and add manual correction if repeatable.,71,ชัยภูมิ,5_17_partylist,party_list,,4,,M,,,,,,0.5281,needs_review,/Users/pornmongkol/Documents/ProjectDSDE_election2026/data/raw/pdfs/extracted/เขตเลือกตั้งที่ 2/02-แบบ ส.ส. 5_17-บัญชีรายชื่อ-นอกเขต.pdf,30
P1,master_data_unmatched,Confirm spelling and add alias or correction in external master/correction files.,72,ชัยภูมิ,5_17_partylist,party_list,,53,,C,,,,,,0.6949,needs_review,/Users/pornmongkol/Documents/ProjectDSDE_election2026/data/raw/pdfs/extracted/เขตเลือกตั้งที่ 2/02-แบบ ส.ส. 5_17-บัญชีรายชื่อ-นอกเขต.pdf,31
P1,parser_marked_needs_review,Resolve parser/OCR uncertainty and add manual correction if repeatable.,72,ชัยภูมิ,5_17_partylist,party_list,,53,,C,,,,,,0.6949,needs_review,/Users/pornmongkol/Documents/ProjectDSDE_election2026/data/raw/pdfs/extracted/เขตเลือกตั้งที่ 2/02-แบบ ส.ส. 5_17-บัญชีรายชื่อ-นอกเขต.pdf,31
P1,master_data_unmatched,Confirm spelling and add alias or correction in external master/correction files.,73,ชัยภูมิ,5_17_partylist,party_list,,54,,C,,,,,,0.6949,needs_review,/Users/pornmongkol/Documents/ProjectDSDE_election2026/data/raw/pdfs/extracted/เขตเลือกตั้งที่ 2/02-แบบ ส.ส. 5_17-บัญชีรายชื่อ-นอกเขต.pdf,31
P1,parser_marked_needs_review,Resolve parser/OCR uncertainty and add manual correction if repeatable.,73,ชัยภูมิ,5_17_partylist,party_list,,54,,C,,,,,,0.6949,needs_review,/Users/pornmongkol/Documents/ProjectDSDE_election2026/data/raw/pdfs/extracted/เขตเลือกตั้งที่ 2/02-แบบ ส.ส. 5_17-บัญชีรายชื่อ-นอกเขต.pdf,31
P1,master_data_unmatched,Confirm spelling and add alias or correction in external master/correction files.,11,ชัยภูมิ,5_17,constituency,,6,ัตรี่ม่เลือกผูสมัครผูด 5บัตร,,9.0,,,,,0.6798,ok,/Users/pornmongkol/Documents/ProjectDSDE_election2026/data/raw/pdfs/extracted/เขตเลือกตั้งที่ 2/02-แบบ ส.ส. 5_17-แบ่งเขต-นอกเขต.pdf,1
P1,master_data_unmatched,Confirm spelling and add alias or correction in external master/correction files.,12,ชัยภูมิ,5_17,constituency,,8,g ...ิเช็ด นน,,,,,,,0.6975,needs_review,/Users/pornmongkol/Documents/ProjectDSDE_election2026/data/raw/pdfs/extracted/เขตเลือกตั้งที่ 2/02-แบบ ส.ส. 5_17-แบ่งเขต-นอกเขต.pdf,3
P1,parser_marked_needs_review,Resolve parser/OCR uncertainty and add manual correction if repeatable.,12,ชัยภูมิ,5_17,constituency,,8,g ...ิเช็ด นน,,,,,,,0.6975,needs_review,/Users/pornmongkol/Documents/ProjectDSDE_election2026/data/raw/pdfs/extracted/เขตเลือกตั้งที่ 2/02-แบบ ส.ส. 5_17-แบ่งเขต-นอกเขต.pdf,3
P1,master_data_unmatched,Confirm spelling and add alias or correction in external master/correction files.,13,ชัยภูมิ,5_17,constituency,,5,มยราง ูม$ ภมรมคก,,,,,,,0.7044,needs_review,/Users/pornmongkol/Documents/ProjectDSDE_election2026/data/raw/pdfs/extracted/เขตเลือกตั้งที่ 2/02-แบบ ส.ส. 5_17-แบ่งเขต-นอกเขต.pdf,5
P1,parser_marked_needs_review,Resolve parser/OCR uncertainty and add manual correction if repeatable.,13,ชัยภูมิ,5_17,constituency,,5,มยราง ูม$ ภมรมคก,,,,,,,0.7044,needs_review,/Users/pornmongkol/Documents/ProjectDSDE_election2026/data/raw/pdfs/extracted/เขตเลือกตั้งที่ 2/02-แบบ ส.ส. 5_17-แบ่งเขต-นอกเขต.pdf,5
P1,master_data_unmatched,Confirm spelling and add alias or correction in external master/correction files.,14,ชัยภูมิ,5_17,constituency,,8,ดรบ,,1.0,,,,,0.7044,ok,/Users/pornmongkol/Documents/ProjectDSDE_election2026/data/raw/pdfs/extracted/เขตเลือกตั้งที่ 2/02-แบบ ส.ส. 5_17-แบ่งเขต-นอกเขต.pdf,5
P1,master_data_unmatched,Confirm spelling and add alias or correction in external master/correction files.,15,ชัยภูมิ,5_17,constituency,,11,bMกOงค,,,,,,,0.7065,needs_review,/Users/pornmongkol/Documents/ProjectDSDE_election2026/data/raw/pdfs/extracted/เขตเลือกตั้งที่ 2/02-แบบ ส.ส. 5_17-แบ่งเขต-นอกเขต.pdf,7
P1,parser_marked_needs_review,Resolve parser/OCR uncertainty and add manual correction if repeatable.,15,ชัยภูมิ,5_17,constituency,,11,bMกOงค,,,,,,,0.7065,needs_review,/Users/pornmongkol/Documents/ProjectDSDE_election2026/data/raw/pdfs/extracted/เขตเลือกตั้งที่ 2/02-แบบ ส.ส. 5_17-แบ่งเขต-นอกเขต.pdf,7
P1,low_ocr_confidence,Review the raw image/PDF crop before accepting this row.,16,ชัยภูมิ,5_17,constituency,,4,ดย,,,,,,,0.6348,needs_review,/Users/pornmongkol/Documents/ProjectDSDE_election2026/data/raw/pdfs/extracted/เขตเลือกตั้งที่ 2/02-แบบ ส.ส. 5_17-แบ่งเขต-นอกเขต.pdf,15
P1,master_data_unmatched,Confirm spelling and add alias or correction in external master/correction files.,16,ชัยภูมิ,5_17,constituency,,4,ดย,,,,,,,0.6348,needs_review,/Users/pornmongkol/Documents/ProjectDSDE_election2026/data/raw/pdfs/extracted/เขตเลือกตั้งที่ 2/02-แบบ ส.ส. 5_17-แบ่งเขต-นอกเขต.pdf,15
P1,parser_marked_needs_review,Resolve parser/OCR uncertainty and add manual correction if repeatable.,16,ชัยภูมิ,5_17,constituency,,4,ดย,,,,,,,0.6348,needs_review,/Users/pornmongkol/Documents/ProjectDSDE_election2026/data/raw/pdfs/extracted/เขตเลือกตั้งที่ 2/02-แบบ ส.ส. 5_17-แบ่งเขต-นอกเขต.pdf,15
P1,low_ocr_confidence,Review the raw image/PDF crop before accepting this row.,17,ชัยภูมิ,5_17,constituency,,5,งnm ดย,,,,,,,0.6348,needs_review,/Users/pornmongkol/Documents/ProjectDSDE_election2026/data/raw/pdfs/extracted/เขตเลือกตั้งที่ 2/02-แบบ ส.ส. 5_17-แบ่งเขต-นอกเขต.pdf,15
P1,master_data_unmatched,Confirm spelling and add alias or correction in external master/correction files.,17,ชัยภูมิ,5_17,constituency,,5,งnm ดย,,,,,,,0.6348,needs_review,/Users/pornmongkol/Documents/ProjectDSDE_election2026/data/raw/pdfs/extracted/เขตเลือกตั้งที่ 2/02-แบบ ส.ส. 5_17-แบ่งเขต-นอกเขต.pdf,15
P1,parser_marked_needs_review,Resolve parser/OCR uncertainty and add manual correction if repeatable.,17,ชัยภูมิ,5_17,constituency,,5,งnm ดย,,,,,,,0.6348,needs_review,/Users/pornmongkol/Documents/ProjectDSDE_election2026/data/raw/pdfs/extracted/เขตเลือกตั้งที่ 2/02-แบบ ส.ส. 5_17-แบ่งเขต-นอกเขต.pdf,15
P1,low_ocr_confidence,Review the raw image/PDF crop before accepting this row.,18,ชัยภูมิ,5_17,constituency,,7,เศรนกง,,,,,,,0.6348,needs_review,/Users/pornmongkol/Documents/ProjectDSDE_election2026/data/raw/pdfs/extracted/เขตเลือกตั้งที่ 2/02-แบบ ส.ส. 5_17-แบ่งเขต-นอกเขต.pdf,15
P1,master_data_unmatched,Confirm spelling and add alias or correction in external master/correction files.,18,ชัยภูมิ,5_17,constituency,,7,เศรนกง,,,,,,,0.6348,needs_review,/Users/pornmongkol/Documents/ProjectDSDE_election2026/data/raw/pdfs/extracted/เขตเลือกตั้งที่ 2/02-แบบ ส.ส. 5_17-แบ่งเขต-นอกเขต.pdf,15
P1,parser_marked_needs_review,Resolve parser/OCR uncertainty and add manual correction if repeatable.,18,ชัยภูมิ,5_17,constituency,,7,เศรนกง,,,,,,,0.6348,needs_review,/Users/pornmongkol/Documents/ProjectDSDE_election2026/data/raw/pdfs/extracted/เขตเลือกตั้งที่ 2/02-แบบ ส.ส. 5_17-แบ่งเขต-นอกเขต.pdf,15
P1,low_ocr_confidence,Review the raw image/PDF crop before accepting this row.,19,ชัยภูมิ,5_17,constituency,,2,เศรนกง,,,,,,,0.6348,needs_review,/Users/pornmongkol/Documents/ProjectDSDE_election2026/data/raw/pdfs/extracted/เขตเลือกตั้งที่ 2/02-แบบ ส.ส. 5_17-แบ่งเขต-นอกเขต.pdf,15
P1,master_data_unmatched,Confirm spelling and add alias or correction in external master/correction files.,19,ชัยภูมิ,5_17,constituency,,2,เศรนกง,,,,,,,0.6348,needs_review,/Users/pornmongkol/Documents/ProjectDSDE_election2026/data/raw/pdfs/extracted/เขตเลือกตั้งที่ 2/02-แบบ ส.ส. 5_17-แบ่งเขต-นอกเขต.pdf,15
P1,parser_marked_needs_review,Resolve parser/OCR uncertainty and add manual correction if repeatable.,19,ชัยภูมิ,5_17,constituency,,2,เศรนกง,,,,,,,0.6348,needs_review,/Users/pornmongkol/Documents/ProjectDSDE_election2026/data/raw/pdfs/extracted/เขตเลือกตั้งที่ 2/02-แบบ ส.ส. 5_17-แบ่งเขต-นอกเขต.pdf,15
P1,low_ocr_confidence,Review the raw image/PDF crop before accepting this row.,20,ชัยภูมิ,5_17,constituency,,8,เศรนกง,,,,,,,0.6348,needs_review,/Users/pornmongkol/Documents/ProjectDSDE_election2026/data/raw/pdfs/extracted/เขตเลือกตั้งที่ 2/02-แบบ ส.ส. 5_17-แบ่งเขต-นอกเขต.pdf,15
P1,master_data_unmatched,Confirm spelling and add alias or correction in external master/correction files.,20,ชัยภูมิ,5_17,constituency,,8,เศรนกง,,,,,,,0.6348,needs_review,/Users/pornmongkol/Documents/ProjectDSDE_election2026/data/raw/pdfs/extracted/เขตเลือกตั้งที่ 2/02-แบบ ส.ส. 5_17-แบ่งเขต-นอกเขต.pdf,15
P1,parser_marked_needs_review,Resolve parser/OCR uncertainty and add manual correction if repeatable.,20,ชัยภูมิ,5_17,constituency,,8,เศรนกง,,,,,,,0.6348,needs_review,/Users/pornmongkol/Documents/ProjectDSDE_election2026/data/raw/pdfs/extracted/เขตเลือกตั้งที่ 2/02-แบบ ส.ส. 5_17-แบ่งเขต-นอกเขต.pdf,15
P1,master_data_unmatched,Confirm spelling and add alias or correction in external master/correction files.,2,ชัยภูมิ,5_16_partylist,party_list,,2,คณะกรรมการนับคะแนนบัตรเลือกตั้งในเขตเลือกตั้ง ได้ดำเนินการนับบัตรเลือกตั้งตามข้อ,,1.0,,,,,0.7348,ok,/Users/pornmongkol/Documents/ProjectDSDE_election2026/data/raw/pdfs/extracted/เขตเลือกตั้งที่ 2/02-แบบ ส.ส.5_16-บัญชีรายชื่อ-นอกเขต.pdf,1
P1,master_data_unmatched,Confirm spelling and add alias or correction in external master/correction files.,3,ชัยภูมิ,5_16_partylist,party_list,,5,,$ us,,,,,,0.7348,needs_review,/Users/pornmongkol/Documents/ProjectDSDE_election2026/data/raw/pdfs/extracted/เขตเลือกตั้งที่ 2/02-แบบ ส.ส.5_16-บัญชีรายชื่อ-นอกเขต.pdf,1
P1,parser_marked_needs_review,Resolve parser/OCR uncertainty and add manual correction if repeatable.,3,ชัยภูมิ,5_16_partylist,party_list,,5,,$ us,,,,,,0.7348,needs_review,/Users/pornmongkol/Documents/ProjectDSDE_election2026/data/raw/pdfs/extracted/เขตเลือกตั้งที่ 2/02-แบบ ส.ส.5_16-บัญชีรายชื่อ-นอกเขต.pdf,1
P1,master_data_unmatched,Confirm spelling and add alias or correction in external master/correction files.,4,ชัยภูมิ,5_16_partylist,party_list,,9,,oud,,,,,,0.7348,needs_review,/Users/pornmongkol/Documents/ProjectDSDE_election2026/data/raw/pdfs/extracted/เขตเลือกตั้งที่ 2/02-แบบ ส.ส.5_16-บัญชีรายชื่อ-นอกเขต.pdf,1
P1,parser_marked_needs_review,Resolve parser/OCR uncertainty and add manual correction if repeatable.,4,ชัยภูมิ,5_16_partylist,party_list,,9,,oud,,,,,,0.7348,needs_review,/Users/pornmongkol/Documents/ProjectDSDE_election2026/data/raw/pdfs/extracted/เขตเลือกตั้งที่ 2/02-แบบ ส.ส.5_16-บัญชีรายชื่อ-นอกเขต.pdf,1
P1,master_data_unmatched,Confirm spelling and add alias or correction in external master/correction files.,5,ชัยภูมิ,5_16_partylist,party_list,,10,,oud,,,,,,0.7348,needs_review,/Users/pornmongkol/Documents/ProjectDSDE_election2026/data/raw/pdfs/extracted/เขตเลือกตั้งที่ 2/02-แบบ ส.ส.5_16-บัญชีรายชื่อ-นอกเขต.pdf,1
P1,parser_marked_needs_review,Resolve parser/OCR uncertainty and add manual correction if repeatable.,5,ชัยภูมิ,5_16_partylist,party_list,,10,,oud,,,,,,0.7348,needs_review,/Users/pornmongkol/Documents/ProjectDSDE_election2026/data/raw/pdfs/extracted/เขตเลือกตั้งที่ 2/02-แบบ ส.ส.5_16-บัญชีรายชื่อ-นอกเขต.pdf,1
P1,master_data_unmatched,Confirm spelling and add alias or correction in external master/correction files.,6,ชัยภูมิ,5_16_partylist,party_list,,3,,a,,,,,,0.6823,needs_review,/Users/pornmongkol/Documents/ProjectDSDE_election2026/data/raw/pdfs/extracted/เขตเลือกตั้งที่ 2/02-แบบ ส.ส.5_16-บัญชีรายชื่อ-นอกเขต.pdf,2
P1,parser_marked_needs_review,Resolve parser/OCR uncertainty and add manual correction if repeatable.,6,ชัยภูมิ,5_16_partylist,party_list,,3,,a,,,,,,0.6823,needs_review,/Users/pornmongkol/Documents/ProjectDSDE_election2026/data/raw/pdfs/extracted/เขตเลือกตั้งที่ 2/02-แบบ ส.ส.5_16-บัญชีรายชื่อ-นอกเขต.pdf,2
P1,master_data_unmatched,Confirm spelling and add alias or correction in external master/correction files.,7,ชัยภูมิ,5_16_partylist,party_list,,1,,a a,,,,,,0.6823,needs_review,/Users/pornmongkol/Documents/ProjectDSDE_election2026/data/raw/pdfs/extracted/เขตเลือกตั้งที่ 2/02-แบบ ส.ส.5_16-บัญชีรายชื่อ-นอกเขต.pdf,2
P1,parser_marked_needs_review,Resolve parser/OCR uncertainty and add manual correction if repeatable.,7,ชัยภูมิ,5_16_partylist,party_list,,1,,a a,,,,,,0.6823,needs_review,/Users/pornmongkol/Documents/ProjectDSDE_election2026/data/raw/pdfs/extracted/เขตเลือกตั้งที่ 2/02-แบบ ส.ส.5_16-บัญชีรายชื่อ-นอกเขต.pdf,2
P1,master_data_unmatched,Confirm spelling and add alias or correction in external master/correction files.,8,ชัยภูมิ,5_16_partylist,party_list,,32,,a,,,,,,0.6823,needs_review,/Users/pornmongkol/Documents/ProjectDSDE_election2026/data/raw/pdfs/extracted/เขตเลือกตั้งที่ 2/02-แบบ ส.ส.5_16-บัญชีรายชื่อ-นอกเขต.pdf,2
P1,parser_marked_needs_review,Resolve parser/OCR uncertainty and add manual correction if repeatable.,8,ชัยภูมิ,5_16_partylist,party_list,,32,,a,,,,,,0.6823,needs_review,/Users/pornmongkol/Documents/ProjectDSDE_election2026/data/raw/pdfs/extracted/เขตเลือกตั้งที่ 2/02-แบบ ส.ส.5_16-บัญชีรายชื่อ-นอกเขต.pdf,2
P1,master_data_unmatched,Confirm spelling and add alias or correction in external master/correction files.,9,ชัยภูมิ,5_16_partylist,party_list,,54,,ou,,,,,,0.7043,needs_review,/Users/pornmongkol/Documents/ProjectDSDE_election2026/data/raw/pdfs/extracted/เขตเลือกตั้งที่ 2/02-แบบ ส.ส.5_16-บัญชีรายชื่อ-นอกเขต.pdf,3
P1,parser_marked_needs_review,Resolve parser/OCR uncertainty and add manual correction if repeatable.,9,ชัยภูมิ,5_16_partylist,party_list,,54,,ou,,,,,,0.7043,needs_review,/Users/pornmongkol/Documents/ProjectDSDE_election2026/data/raw/pdfs/extracted/เขตเลือกตั้งที่ 2/02-แบบ ส.ส.5_16-บัญชีรายชื่อ-นอกเขต.pdf,3
P1,master_data_unmatched,Confirm spelling and add alias or correction in external master/correction files.,10,ชัยภูมิ,5_16_partylist,party_list,,55,,ou,,,,,,0.7043,needs_review,/Users/pornmongkol/Documents/ProjectDSDE_election2026/data/raw/pdfs/extracted/เขตเลือกตั้งที่ 2/02-แบบ ส.ส.5_16-บัญชีรายชื่อ-นอกเขต.pdf,3
P1,parser_marked_needs_review,Resolve parser/OCR uncertainty and add manual correction if repeatable.,10,ชัยภูมิ,5_16_partylist,party_list,,55,,ou,,,,,,0.7043,needs_review,/Users/pornmongkol/Documents/ProjectDSDE_election2026/data/raw/pdfs/extracted/เขตเลือกตั้งที่ 2/02-แบบ ส.ส.5_16-บัญชีรายชื่อ-นอกเขต.pdf,3
P1,master_data_unmatched,Confirm spelling and add alias or correction in external master/correction files.,0,ชัยภูมิ,5_16,constituency,,2,คณะกรรมการนับคะแนนบัตรเลือกตั้งในเขตเลือกตั้ง ได้ดำเนินการนับบัตรเลือกตั้งตามข้อ,,1.0,,,,,0.6855,ok,/Users/pornmongkol/Documents/ProjectDSDE_election2026/data/raw/pdfs/extracted/เขตเลือกตั้งที่ 2/02-แบบ ส.ส.5_16-แบ่งเขต-นอกเขต.pdf,1
P1,master_data_unmatched,Confirm spelling and add alias or correction in external master/correction files.,1,ชัยภูมิ,5_16,constituency,,8,Asf o,,,,,,,0.6855,needs_review,/Users/pornmongkol/Documents/ProjectDSDE_election2026/data/raw/pdfs/extracted/เขตเลือกตั้งที่ 2/02-แบบ ส.ส.5_16-แบ่งเขต-นอกเขต.pdf,1
P1,parser_marked_needs_review,Resolve parser/OCR uncertainty and add manual correction if repeatable.,1,ชัยภูมิ,5_16,constituency,,8,Asf o,,,,,,,0.6855,needs_review,/Users/pornmongkol/Documents/ProjectDSDE_election2026/data/raw/pdfs/extracted/เขตเลือกตั้งที่ 2/02-แบบ ส.ส.5_16-แบ่งเขต-นอกเขต.pdf,1
