province,constituency_no,form_type,vote_type,polling_station_no,district,subdistrict,choice_no,choice_name,party_name,votes,eligible_voters,ballots_cast,valid_votes,invalid_votes,no_vote,source_pdf,source_page,ocr_engine,ocr_confidence,validation_status,reviewer_notes
ชัยภูมิ,2,5_18,constituency,1,จัตุรัส,กุดน้ำใส,1,นายประเสริฐศักดิ์ จำหนัก,ไทยก้าวใหม่,13,524,291,262,19,10,data/raw/pdfs/extracted/เขตเลือกตั้งที่ 2/อำเภอจัตุรัส/ต.กุดน้ำใส-แบ่งเขต_บัญชีรายชื่อ.pdf,1,manual_review,1.0,ok,Verified manually from official ECT 5/18 PDF page 1 because handwritten votes were not reliable in OCR
ชัยภูมิ,2,5_18,constituency,1,จัตุรัส,กุดน้ำใส,2,นางสาววาสนา อยู่ภักดี,ประชาชน,66,524,291,262,19,10,data/raw/pdfs/extracted/เขตเลือกตั้งที่ 2/อำเภอจัตุรัส/ต.กุดน้ำใส-แบ่งเขต_บัญชีรายชื่อ.pdf,1,manual_review,1.0,ok,Verified manually from official ECT 5/18 PDF page 1 because handwritten votes were not reliable in OCR
ชัยภูมิ,2,5_18,constituency,1,จัตุรัส,กุดน้ำใส,3,นายเชิงชาย ชาลีรินทร์,เพื่อไทย,156,524,291,262,19,10,data/raw/pdfs/extracted/เขตเลือกตั้งที่ 2/อำเภอจัตุรัส/ต.กุดน้ำใส-แบ่งเขต_บัญชีรายชื่อ.pdf,1,manual_review,1.0,ok,Verified manually from official ECT 5/18 PDF page 1 because handwritten votes were not reliable in OCR
ชัยภูมิ,2,5_18,constituency,1,จัตุรัส,กุดน้ำใส,4,นายณรงค์ แขนอก,ประชาธิปัตย์,7,524,291,262,19,10,data/raw/pdfs/extracted/เขตเลือกตั้งที่ 2/อำเภอจัตุรัส/ต.กุดน้ำใส-แบ่งเขต_บัญชีรายชื่อ.pdf,1,manual_review,1.0,ok,Verified manually from official ECT 5/18 PDF page 1 because handwritten votes were not reliable in OCR
ชัยภูมิ,2,5_18,constituency,1,จัตุรัส,กุดน้ำใส,5,นายทัศนัย สุขประสาร,ภูมิใจไทย,5,524,291,262,19,10,data/raw/pdfs/extracted/เขตเลือกตั้งที่ 2/อำเภอจัตุรัส/ต.กุดน้ำใส-แบ่งเขต_บัญชีรายชื่อ.pdf,1,manual_review,1.0,ok,Verified manually from official ECT 5/18 PDF page 1 because handwritten votes were not reliable in OCR
ชัยภูมิ,2,5_18,constituency,1,จัตุรัส,กุดน้ำใส,6,นายโสโชค สู้โนนตาด,รวมไทยสร้างชาติ,3,524,291,262,19,10,data/raw/pdfs/extracted/เขตเลือกตั้งที่ 2/อำเภอจัตุรัส/ต.กุดน้ำใส-แบ่งเขต_บัญชีรายชื่อ.pdf,1,manual_review,1.0,ok,Verified manually from official ECT 5/18 PDF page 1 because handwritten votes were not reliable in OCR
ชัยภูมิ,2,5_18,constituency,1,จัตุรัส,กุดน้ำใส,8,นายกวัสย์ หงษ์ไทย,เศรษฐกิจ,12,524,291,262,19,10,data/raw/pdfs/extracted/เขตเลือกตั้งที่ 2/อำเภอจัตุรัส/ต.กุดน้ำใส-แบ่งเขต_บัญชีรายชื่อ.pdf,1,manual_review,1.0,ok,Verified manually from official ECT 5/18 PDF page 1 because handwritten votes were not reliable in OCR
ชัยภูมิ,2,5_18,constituency,2,จัตุรัส,กุดน้ำใส,1,นายประเสริฐศักดิ์ จำหนัก,ไทยก้าวใหม่,10,343,216,190,13,13,data/raw/pdfs/extracted/เขตเลือกตั้งที่ 2/อำเภอจัตุรัส/ต.กุดน้ำใส-แบ่งเขต_บัญชีรายชื่อ.pdf,7,manual_review,1.0,ok,Verified manually from official ECT 5/18 PDF page 7 because handwritten votes were not reliable in OCR
ชัยภูมิ,2,5_18,constituency,2,จัตุรัส,กุดน้ำใส,2,นางสาววาสนา อยู่ภักดี,ประชาชน,54,343,216,190,13,13,data/raw/pdfs/extracted/เขตเลือกตั้งที่ 2/อำเภอจัตุรัส/ต.กุดน้ำใส-แบ่งเขต_บัญชีรายชื่อ.pdf,7,manual_review,1.0,ok,Verified manually from official ECT 5/18 PDF page 7 because handwritten votes were not reliable in OCR
ชัยภูมิ,2,5_18,constituency,2,จัตุรัส,กุดน้ำใส,3,นายเชิงชาย ชาลีรินทร์,เพื่อไทย,108,343,216,190,13,13,data/raw/pdfs/extracted/เขตเลือกตั้งที่ 2/อำเภอจัตุรัส/ต.กุดน้ำใส-แบ่งเขต_บัญชีรายชื่อ.pdf,7,manual_review,1.0,ok,Verified manually from official ECT 5/18 PDF page 7 because handwritten votes were not reliable in OCR
ชัยภูมิ,2,5_18,constituency,2,จัตุรัส,กุดน้ำใส,4,นายณรงค์ แขนอก,ประชาธิปัตย์,4,343,216,190,13,13,data/raw/pdfs/extracted/เขตเลือกตั้งที่ 2/อำเภอจัตุรัส/ต.กุดน้ำใส-แบ่งเขต_บัญชีรายชื่อ.pdf,7,manual_review,1.0,ok,Verified manually from official ECT 5/18 PDF page 7 because handwritten votes were not reliable in OCR
ชัยภูมิ,2,5_18,constituency,2,จัตุรัส,กุดน้ำใส,5,นายทัศนัย สุขประสาร,ภูมิใจไทย,6,343,216,190,13,13,data/raw/pdfs/extracted/เขตเลือกตั้งที่ 2/อำเภอจัตุรัส/ต.กุดน้ำใส-แบ่งเขต_บัญชีรายชื่อ.pdf,7,manual_review,1.0,ok,Verified manually from official ECT 5/18 PDF page 7 because handwritten votes were not reliable in OCR
ชัยภูมิ,2,5_18,constituency,2,จัตุรัส,กุดน้ำใส,6,นายโสโชค สู้โนนตาด,รวมไทยสร้างชาติ,4,343,216,190,13,13,data/raw/pdfs/extracted/เขตเลือกตั้งที่ 2/อำเภอจัตุรัส/ต.กุดน้ำใส-แบ่งเขต_บัญชีรายชื่อ.pdf,7,manual_review,1.0,ok,Verified manually from official ECT 5/18 PDF page 7 because handwritten votes were not reliable in OCR
ชัยภูมิ,2,5_18,constituency,2,จัตุรัส,กุดน้ำใส,8,นายกวัสย์ หงษ์ไทย,เศรษฐกิจ,4,343,216,190,13,13,data/raw/pdfs/extracted/เขตเลือกตั้งที่ 2/อำเภอจัตุรัส/ต.กุดน้ำใส-แบ่งเขต_บัญชีรายชื่อ.pdf,7,manual_review,1.0,ok,Verified manually from official ECT 5/18 PDF page 7 because handwritten votes were not reliable in OCR
ชัยภูมิ,2,5_18,constituency,4,จัตุรัส,กุดน้ำใส,1,นายประเสริฐศักดิ์ จำหนัก,ไทยก้าวใหม่,2,74,49,41,3,5,data/raw/pdfs/extracted/เขตเลือกตั้งที่ 2/อำเภอจัตุรัส/ต.กุดน้ำใส-แบ่งเขต_บัญชีรายชื่อ.pdf,19,manual_review,1.0,ok,Verified manually from official ECT 5/18 PDF page 19 because handwritten votes were not reliable in OCR
ชัยภูมิ,2,5_18,constituency,4,จัตุรัส,กุดน้ำใส,2,นางสาววาสนา อยู่ภักดี,ประชาชน,11,74,49,41,3,5,data/raw/pdfs/extracted/เขตเลือกตั้งที่ 2/อำเภอจัตุรัส/ต.กุดน้ำใส-แบ่งเขต_บัญชีรายชื่อ.pdf,19,manual_review,1.0,ok,Verified manually from official ECT 5/18 PDF page 19 because handwritten votes were not reliable in OCR
ชัยภูมิ,2,5_18,constituency,4,จัตุรัส,กุดน้ำใส,3,นายเชิงชาย ชาลีรินทร์,เพื่อไทย,23,74,49,41,3,5,data/raw/pdfs/extracted/เขตเลือกตั้งที่ 2/อำเภอจัตุรัส/ต.กุดน้ำใส-แบ่งเขต_บัญชีรายชื่อ.pdf,19,manual_review,1.0,ok,Verified manually from official ECT 5/18 PDF page 19 because handwritten votes were not reliable in OCR
ชัยภูมิ,2,5_18,constituency,4,จัตุรัส,กุดน้ำใส,4,นายณรงค์ แขนอก,ประชาธิปัตย์,1,74,49,41,3,5,data/raw/pdfs/extracted/เขตเลือกตั้งที่ 2/อำเภอจัตุรัส/ต.กุดน้ำใส-แบ่งเขต_บัญชีรายชื่อ.pdf,19,manual_review,1.0,ok,Verified manually from official ECT 5/18 PDF page 19 because handwritten votes were not reliable in OCR
ชัยภูมิ,2,5_18,constituency,4,จัตุรัส,กุดน้ำใส,5,นายทัศนัย สุขประสาร,ภูมิใจไทย,1,74,49,41,3,5,data/raw/pdfs/extracted/เขตเลือกตั้งที่ 2/อำเภอจัตุรัส/ต.กุดน้ำใส-แบ่งเขต_บัญชีรายชื่อ.pdf,19,manual_review,1.0,ok,Verified manually from official ECT 5/18 PDF page 19 because handwritten votes were not reliable in OCR
ชัยภูมิ,2,5_18,constituency,4,จัตุรัส,กุดน้ำใส,6,นายโสโชค สู้โนนตาด,รวมไทยสร้างชาติ,1,74,49,41,3,5,data/raw/pdfs/extracted/เขตเลือกตั้งที่ 2/อำเภอจัตุรัส/ต.กุดน้ำใส-แบ่งเขต_บัญชีรายชื่อ.pdf,19,manual_review,1.0,ok,Verified manually from official ECT 5/18 PDF page 19 because handwritten votes were not reliable in OCR
ชัยภูมิ,2,5_18,constituency,4,จัตุรัส,กุดน้ำใส,8,นายกวัสย์ หงษ์ไทย,เศรษฐกิจ,2,74,49,41,3,5,data/raw/pdfs/extracted/เขตเลือกตั้งที่ 2/อำเภอจัตุรัส/ต.กุดน้ำใส-แบ่งเขต_บัญชีรายชื่อ.pdf,19,manual_review,1.0,ok,Verified manually from official ECT 5/18 PDF page 19 because handwritten votes were not reliable in OCR
ชัยภูมิ,2,5_18,constituency,18,จัตุรัส,บ้านกอก,1,นายประเสริฐศักดิ์ จำหนัก,ไทยก้าวใหม่,1,213,137,127,4,6,data/raw/pdfs/extracted/เขตเลือกตั้งที่ 2/อำเภอจัตุรัส/ต.บ้านกอก-แบ่งเขต_บัญชีรายชื่อ.pdf,1,manual_review,1.0,ok,Verified manually from official ECT 5/18 PDF page 1 because handwritten votes were not reliable in OCR
ชัยภูมิ,2,5_18,constituency,18,จัตุรัส,บ้านกอก,2,นางสาววาสนา อยู่ภักดี,ประชาชน,21,213,137,127,4,6,data/raw/pdfs/extracted/เขตเลือกตั้งที่ 2/อำเภอจัตุรัส/ต.บ้านกอก-แบ่งเขต_บัญชีรายชื่อ.pdf,1,manual_review,1.0,ok,Verified manually from official ECT 5/18 PDF page 1 because handwritten votes were not reliable in OCR
ชัยภูมิ,2,5_18,constituency,18,จัตุรัส,บ้านกอก,3,นายเชิงชาย ชาลีรินทร์,เพื่อไทย,94,213,137,127,4,6,data/raw/pdfs/extracted/เขตเลือกตั้งที่ 2/อำเภอจัตุรัส/ต.บ้านกอก-แบ่งเขต_บัญชีรายชื่อ.pdf,1,manual_review,1.0,ok,Verified manually from official ECT 5/18 PDF page 1 because handwritten votes were not reliable in OCR
ชัยภูมิ,2,5_18,constituency,18,จัตุรัส,บ้านกอก,4,นายณรงค์ แขนอก,ประชาธิปัตย์,2,213,137,127,4,6,data/raw/pdfs/extracted/เขตเลือกตั้งที่ 2/อำเภอจัตุรัส/ต.บ้านกอก-แบ่งเขต_บัญชีรายชื่อ.pdf,1,manual_review,1.0,ok,Verified manually from official ECT 5/18 PDF page 1 because handwritten votes were not reliable in OCR
ชัยภูมิ,2,5_18,constituency,18,จัตุรัส,บ้านกอก,5,นายทัศนัย สุขประสาร,ภูมิใจไทย,7,213,137,127,4,6,data/raw/pdfs/extracted/เขตเลือกตั้งที่ 2/อำเภอจัตุรัส/ต.บ้านกอก-แบ่งเขต_บัญชีรายชื่อ.pdf,1,manual_review,1.0,ok,Verified manually from official ECT 5/18 PDF page 1 because handwritten votes were not reliable in OCR
ชัยภูมิ,2,5_18,constituency,18,จัตุรัส,บ้านกอก,6,นายโสโชค สู้โนนตาด,รวมไทยสร้างชาติ,0,213,137,127,4,6,data/raw/pdfs/extracted/เขตเลือกตั้งที่ 2/อำเภอจัตุรัส/ต.บ้านกอก-แบ่งเขต_บัญชีรายชื่อ.pdf,1,manual_review,1.0,ok,Verified manually from official ECT 5/18 PDF page 1 because handwritten votes were not reliable in OCR
ชัยภูมิ,2,5_18,constituency,18,จัตุรัส,บ้านกอก,8,นายกวัสย์ หงษ์ไทย,เศรษฐกิจ,2,213,137,127,4,6,data/raw/pdfs/extracted/เขตเลือกตั้งที่ 2/อำเภอจัตุรัส/ต.บ้านกอก-แบ่งเขต_บัญชีรายชื่อ.pdf,1,manual_review,1.0,ok,Verified manually from official ECT 5/18 PDF page 1 because handwritten votes were not reliable in OCR
ชัยภูมิ,2,5_18,constituency,33,จัตุรัส,บ้านขาม,1,นายประเสริฐศักดิ์ จำหนัก,ไทยก้าวใหม่,5,631,360,325,23,12,data/raw/pdfs/extracted/เขตเลือกตั้งที่ 2/อำเภอจัตุรัส/ต.บ้านขาม-แบ่งเขต_บัญชีรายชื่อ.pdf,1,manual_review,1.0,ok,Verified manually from official ECT 5/18 PDF page 1 because handwritten votes were not reliable in OCR
ชัยภูมิ,2,5_18,constituency,33,จัตุรัส,บ้านขาม,2,นางสาววาสนา อยู่ภักดี,ประชาชน,67,631,360,325,23,12,data/raw/pdfs/extracted/เขตเลือกตั้งที่ 2/อำเภอจัตุรัส/ต.บ้านขาม-แบ่งเขต_บัญชีรายชื่อ.pdf,1,manual_review,1.0,ok,Verified manually from official ECT 5/18 PDF page 1 because handwritten votes were not reliable in OCR
ชัยภูมิ,2,5_18,constituency,33,จัตุรัส,บ้านขาม,3,นายเชิงชาย ชาลีรินทร์,เพื่อไทย,214,631,360,325,23,12,data/raw/pdfs/extracted/เขตเลือกตั้งที่ 2/อำเภอจัตุรัส/ต.บ้านขาม-แบ่งเขต_บัญชีรายชื่อ.pdf,1,manual_review,1.0,ok,Verified manually from official ECT 5/18 PDF page 1 because handwritten votes were not reliable in OCR
ชัยภูมิ,2,5_18,constituency,33,จัตุรัส,บ้านขาม,4,นายณรงค์ แขนอก,ประชาธิปัตย์,7,631,360,325,23,12,data/raw/pdfs/extracted/เขตเลือกตั้งที่ 2/อำเภอจัตุรัส/ต.บ้านขาม-แบ่งเขต_บัญชีรายชื่อ.pdf,1,manual_review,1.0,ok,Verified manually from official ECT 5/18 PDF page 1 because handwritten votes were not reliable in OCR
ชัยภูมิ,2,5_18,constituency,33,จัตุรัส,บ้านขาม,5,นายทัศนัย สุขประสาร,ภูมิใจไทย,13,631,360,325,23,12,data/raw/pdfs/extracted/เขตเลือกตั้งที่ 2/อำเภอจัตุรัส/ต.บ้านขาม-แบ่งเขต_บัญชีรายชื่อ.pdf,1,manual_review,1.0,ok,Verified manually from official ECT 5/18 PDF page 1 because handwritten votes were not reliable in OCR
ชัยภูมิ,2,5_18,constituency,33,จัตุรัส,บ้านขาม,6,นายโสโชค สู้โนนตาด,รวมไทยสร้างชาติ,6,631,360,325,23,12,data/raw/pdfs/extracted/เขตเลือกตั้งที่ 2/อำเภอจัตุรัส/ต.บ้านขาม-แบ่งเขต_บัญชีรายชื่อ.pdf,1,manual_review,1.0,ok,Verified manually from official ECT 5/18 PDF page 1 because handwritten votes were not reliable in OCR
ชัยภูมิ,2,5_18,constituency,33,จัตุรัส,บ้านขาม,8,นายกวัสย์ หงษ์ไทย,เศรษฐกิจ,13,631,360,325,23,12,data/raw/pdfs/extracted/เขตเลือกตั้งที่ 2/อำเภอจัตุรัส/ต.บ้านขาม-แบ่งเขต_บัญชีรายชื่อ.pdf,1,manual_review,1.0,ok,Verified manually from official ECT 5/18 PDF page 1 because handwritten votes were not reliable in OCR
ชัยภูมิ,2,5_18,constituency,46,จัตุรัส,ละหาน,1,นายประเสริฐศักดิ์ จำหนัก,ไทยก้าวใหม่,4,361,226,217,6,3,data/raw/pdfs/extracted/เขตเลือกตั้งที่ 2/อำเภอจัตุรัส/ต.ละหาน-แบ่งเขต_บัญชีรายชื่อ.pdf,1,manual_review,1.0,ok,Verified manually from official ECT 5/18 PDF page 1 because handwritten votes were not reliable in OCR
ชัยภูมิ,2,5_18,constituency,46,จัตุรัส,ละหาน,2,นางสาววาสนา อยู่ภักดี,ประชาชน,30,361,226,217,6,3,data/raw/pdfs/extracted/เขตเลือกตั้งที่ 2/อำเภอจัตุรัส/ต.ละหาน-แบ่งเขต_บัญชีรายชื่อ.pdf,1,manual_review,1.0,ok,Verified manually from official ECT 5/18 PDF page 1 because handwritten votes were not reliable in OCR
ชัยภูมิ,2,5_18,constituency,46,จัตุรัส,ละหาน,3,นายเชิงชาย ชาลีรินทร์,เพื่อไทย,168,361,226,217,6,3,data/raw/pdfs/extracted/เขตเลือกตั้งที่ 2/อำเภอจัตุรัส/ต.ละหาน-แบ่งเขต_บัญชีรายชื่อ.pdf,1,manual_review,1.0,ok,Verified manually from official ECT 5/18 PDF page 1 because handwritten votes were not reliable in OCR
ชัยภูมิ,2,5_18,constituency,46,จัตุรัส,ละหาน,4,นายณรงค์ แขนอก,ประชาธิปัตย์,2,361,226,217,6,3,data/raw/pdfs/extracted/เขตเลือกตั้งที่ 2/อำเภอจัตุรัส/ต.ละหาน-แบ่งเขต_บัญชีรายชื่อ.pdf,1,manual_review,1.0,ok,Verified manually from official ECT 5/18 PDF page 1 because handwritten votes were not reliable in OCR
ชัยภูมิ,2,5_18,constituency,46,จัตุรัส,ละหาน,5,นายทัศนัย สุขประสาร,ภูมิใจไทย,9,361,226,217,6,3,data/raw/pdfs/extracted/เขตเลือกตั้งที่ 2/อำเภอจัตุรัส/ต.ละหาน-แบ่งเขต_บัญชีรายชื่อ.pdf,1,manual_review,1.0,ok,Verified manually from official ECT 5/18 PDF page 1 because handwritten votes were not reliable in OCR
ชัยภูมิ,2,5_18,constituency,46,จัตุรัส,ละหาน,6,นายโสโชค สู้โนนตาด,รวมไทยสร้างชาติ,2,361,226,217,6,3,data/raw/pdfs/extracted/เขตเลือกตั้งที่ 2/อำเภอจัตุรัส/ต.ละหาน-แบ่งเขต_บัญชีรายชื่อ.pdf,1,manual_review,1.0,ok,Verified manually from official ECT 5/18 PDF page 1 because handwritten votes were not reliable in OCR
ชัยภูมิ,2,5_18,constituency,46,จัตุรัส,ละหาน,8,นายกวัสย์ หงษ์ไทย,เศรษฐกิจ,2,361,226,217,6,3,data/raw/pdfs/extracted/เขตเลือกตั้งที่ 2/อำเภอจัตุรัส/ต.ละหาน-แบ่งเขต_บัญชีรายชื่อ.pdf,1,manual_review,1.0,ok,Verified manually from official ECT 5/18 PDF page 1 because handwritten votes were not reliable in OCR
ชัยภูมิ,2,5_18,constituency,67,จัตุรัส,ส้มป่อย,1,นายประเสริฐศักดิ์ จำหนัก,ไทยก้าวใหม่,2,319,183,173,7,3,data/raw/pdfs/extracted/เขตเลือกตั้งที่ 2/อำเภอจัตุรัส/ต.ส้มป่อย-แบ่งเขต_บัญชีรายชื่อ.pdf,1,manual_review,1.0,ok,Verified manually from official ECT 5/18 PDF page 1 because handwritten votes were not reliable in OCR
ชัยภูมิ,2,5_18,constituency,67,จัตุรัส,ส้มป่อย,2,นางสาววาสนา อยู่ภักดี,ประชาชน,21,319,183,173,7,3,data/raw/pdfs/extracted/เขตเลือกตั้งที่ 2/อำเภอจัตุรัส/ต.ส้มป่อย-แบ่งเขต_บัญชีรายชื่อ.pdf,1,manual_review,1.0,ok,Verified manually from official ECT 5/18 PDF page 1 because handwritten votes were not reliable in OCR
ชัยภูมิ,2,5_18,constituency,67,จัตุรัส,ส้มป่อย,3,นายเชิงชาย ชาลีรินทร์,เพื่อไทย,140,319,183,173,7,3,data/raw/pdfs/extracted/เขตเลือกตั้งที่ 2/อำเภอจัตุรัส/ต.ส้มป่อย-แบ่งเขต_บัญชีรายชื่อ.pdf,1,manual_review,1.0,ok,Verified manually from official ECT 5/18 PDF page 1 because handwritten votes were not reliable in OCR
ชัยภูมิ,2,5_18,constituency,67,จัตุรัส,ส้มป่อย,4,นายณรงค์ แขนอก,ประชาธิปัตย์,5,319,183,173,7,3,data/raw/pdfs/extracted/เขตเลือกตั้งที่ 2/อำเภอจัตุรัส/ต.ส้มป่อย-แบ่งเขต_บัญชีรายชื่อ.pdf,1,manual_review,1.0,ok,Verified manually from official ECT 5/18 PDF page 1 because handwritten votes were not reliable in OCR
ชัยภูมิ,2,5_18,constituency,67,จัตุรัส,ส้มป่อย,5,นายทัศนัย สุขประสาร,ภูมิใจไทย,2,319,183,173,7,3,data/raw/pdfs/extracted/เขตเลือกตั้งที่ 2/อำเภอจัตุรัส/ต.ส้มป่อย-แบ่งเขต_บัญชีรายชื่อ.pdf,1,manual_review,1.0,ok,Verified manually from official ECT 5/18 PDF page 1 because handwritten votes were not reliable in OCR
ชัยภูมิ,2,5_18,constituency,67,จัตุรัส,ส้มป่อย,6,นายโสโชค สู้โนนตาด,รวมไทยสร้างชาติ,0,319,183,173,7,3,data/raw/pdfs/extracted/เขตเลือกตั้งที่ 2/อำเภอจัตุรัส/ต.ส้มป่อย-แบ่งเขต_บัญชีรายชื่อ.pdf,1,manual_review,1.0,ok,Verified manually from official ECT 5/18 PDF page 1 because handwritten votes were not reliable in OCR
ชัยภูมิ,2,5_18,constituency,67,จัตุรัส,ส้มป่อย,8,นายกวัสย์ หงษ์ไทย,เศรษฐกิจ,3,319,183,173,7,3,data/raw/pdfs/extracted/เขตเลือกตั้งที่ 2/อำเภอจัตุรัส/ต.ส้มป่อย-แบ่งเขต_บัญชีรายชื่อ.pdf,1,manual_review,1.0,ok,Verified manually from official ECT 5/18 PDF page 1 because handwritten votes were not reliable in OCR
ชัยภูมิ,2,5_18,constituency,82,จัตุรัส,หนองบัวบาน,1,นายประเสริฐศักดิ์ จำหนัก,ไทยก้าวใหม่,1,318,168,156,8,4,data/raw/pdfs/extracted/เขตเลือกตั้งที่ 2/อำเภอจัตุรัส/ต.หนองบัวบาน-แบ่งเขต_บัญชีรายชื่อ.pdf,1,manual_review,1.0,ok,Verified manually from official ECT 5/18 PDF page 1 because handwritten votes were not reliable in OCR
ชัยภูมิ,2,5_18,constituency,82,จัตุรัส,หนองบัวบาน,2,นางสาววาสนา อยู่ภักดี,ประชาชน,25,318,168,156,8,4,data/raw/pdfs/extracted/เขตเลือกตั้งที่ 2/อำเภอจัตุรัส/ต.หนองบัวบาน-แบ่งเขต_บัญชีรายชื่อ.pdf,1,manual_review,1.0,ok,Verified manually from official ECT 5/18 PDF page 1 because handwritten votes were not reliable in OCR
ชัยภูมิ,2,5_18,constituency,82,จัตุรัส,หนองบัวบาน,3,นายเชิงชาย ชาลีรินทร์,เพื่อไทย,122,318,168,156,8,4,data/raw/pdfs/extracted/เขตเลือกตั้งที่ 2/อำเภอจัตุรัส/ต.หนองบัวบาน-แบ่งเขต_บัญชีรายชื่อ.pdf,1,manual_review,1.0,ok,Verified manually from official ECT 5/18 PDF page 1 because handwritten votes were not reliable in OCR
ชัยภูมิ,2,5_18,constituency,82,จัตุรัส,หนองบัวบาน,4,นายณรงค์ แขนอก,ประชาธิปัตย์,0,318,168,156,8,4,data/raw/pdfs/extracted/เขตเลือกตั้งที่ 2/อำเภอจัตุรัส/ต.หนองบัวบาน-แบ่งเขต_บัญชีรายชื่อ.pdf,1,manual_review,1.0,ok,Verified manually from official ECT 5/18 PDF page 1 because handwritten votes were not reliable in OCR
ชัยภูมิ,2,5_18,constituency,82,จัตุรัส,หนองบัวบาน,5,นายทัศนัย สุขประสาร,ภูมิใจไทย,2,318,168,156,8,4,data/raw/pdfs/extracted/เขตเลือกตั้งที่ 2/อำเภอจัตุรัส/ต.หนองบัวบาน-แบ่งเขต_บัญชีรายชื่อ.pdf,1,manual_review,1.0,ok,Verified manually from official ECT 5/18 PDF page 1 because handwritten votes were not reliable in OCR
ชัยภูมิ,2,5_18,constituency,82,จัตุรัส,หนองบัวบาน,6,นายโสโชค สู้โนนตาด,รวมไทยสร้างชาติ,2,318,168,156,8,4,data/raw/pdfs/extracted/เขตเลือกตั้งที่ 2/อำเภอจัตุรัส/ต.หนองบัวบาน-แบ่งเขต_บัญชีรายชื่อ.pdf,1,manual_review,1.0,ok,Verified manually from official ECT 5/18 PDF page 1 because handwritten votes were not reliable in OCR
ชัยภูมิ,2,5_18,constituency,82,จัตุรัส,หนองบัวบาน,8,นายกวัสย์ หงษ์ไทย,เศรษฐกิจ,4,318,168,156,8,4,data/raw/pdfs/extracted/เขตเลือกตั้งที่ 2/อำเภอจัตุรัส/ต.หนองบัวบาน-แบ่งเขต_บัญชีรายชื่อ.pdf,1,manual_review,1.0,ok,Verified manually from official ECT 5/18 PDF page 1 because handwritten votes were not reliable in OCR
ชัยภูมิ,2,5_18,constituency,126,จัตุรัส,หนองโดน,1,นายประเสริฐศักดิ์ จำหนัก,ไทยก้าวใหม่,2,420,240,205,24,11,data/raw/pdfs/extracted/เขตเลือกตั้งที่ 2/อำเภอจัตุรัส/ต.หนองโดน-แบ่งเขต_บัญชีรายชื่อ.pdf,1,manual_review,1.0,ok,Verified manually from official ECT 5/18 PDF page 1 because handwritten votes were not reliable in OCR
ชัยภูมิ,2,5_18,constituency,126,จัตุรัส,หนองโดน,2,นางสาววาสนา อยู่ภักดี,ประชาชน,29,420,240,205,24,11,data/raw/pdfs/extracted/เขตเลือกตั้งที่ 2/อำเภอจัตุรัส/ต.หนองโดน-แบ่งเขต_บัญชีรายชื่อ.pdf,1,manual_review,1.0,ok,Verified manually from official ECT 5/18 PDF page 1 because handwritten votes were not reliable in OCR
ชัยภูมิ,2,5_18,constituency,126,จัตุรัส,หนองโดน,3,นายเชิงชาย ชาลีรินทร์,เพื่อไทย,146,420,240,205,24,11,data/raw/pdfs/extracted/เขตเลือกตั้งที่ 2/อำเภอจัตุรัส/ต.หนองโดน-แบ่งเขต_บัญชีรายชื่อ.pdf,1,manual_review,1.0,ok,Verified manually from official ECT 5/18 PDF page 1 because handwritten votes were not reliable in OCR
ชัยภูมิ,2,5_18,constituency,126,จัตุรัส,หนองโดน,4,นายณรงค์ แขนอก,ประชาธิปัตย์,4,420,240,205,24,11,data/raw/pdfs/extracted/เขตเลือกตั้งที่ 2/อำเภอจัตุรัส/ต.หนองโดน-แบ่งเขต_บัญชีรายชื่อ.pdf,1,manual_review,1.0,ok,Verified manually from official ECT 5/18 PDF page 1 because handwritten votes were not reliable in OCR
ชัยภูมิ,2,5_18,constituency,126,จัตุรัส,หนองโดน,5,นายทัศนัย สุขประสาร,ภูมิใจไทย,5,420,240,205,24,11,data/raw/pdfs/extracted/เขตเลือกตั้งที่ 2/อำเภอจัตุรัส/ต.หนองโดน-แบ่งเขต_บัญชีรายชื่อ.pdf,1,manual_review,1.0,ok,Verified manually from official ECT 5/18 PDF page 1 because handwritten votes were not reliable in OCR
ชัยภูมิ,2,5_18,constituency,126,จัตุรัส,หนองโดน,6,นายโสโชค สู้โนนตาด,รวมไทยสร้างชาติ,4,420,240,205,24,11,data/raw/pdfs/extracted/เขตเลือกตั้งที่ 2/อำเภอจัตุรัส/ต.หนองโดน-แบ่งเขต_บัญชีรายชื่อ.pdf,1,manual_review,1.0,ok,Verified manually from official ECT 5/18 PDF page 1 because handwritten votes were not reliable in OCR
ชัยภูมิ,2,5_18,constituency,126,จัตุรัส,หนองโดน,8,นายกวัสย์ หงษ์ไทย,เศรษฐกิจ,15,420,240,205,24,11,data/raw/pdfs/extracted/เขตเลือกตั้งที่ 2/อำเภอจัตุรัส/ต.หนองโดน-แบ่งเขต_บัญชีรายชื่อ.pdf,1,manual_review,1.0,ok,Verified manually from official ECT 5/18 PDF page 1 because handwritten votes were not reliable in OCR
ชัยภูมิ,2,5_18,constituency,154,บ้านเขว้า,ชีบน,1,นายประเสริฐศักดิ์ จำหนัก,ไทยก้าวใหม่,8,607,350,324,7,19,data/raw/pdfs/extracted/เขตเลือกตั้งที่ 2/อำเภอบ้านเขว้า/ต.ชีบน-แบ่งเขต_บัญชีรายชื่อ.pdf,1,manual_review,1.0,ok,Verified manually from official ECT 5/18 PDF page 1 because handwritten votes were not reliable in OCR
ชัยภูมิ,2,5_18,constituency,154,บ้านเขว้า,ชีบน,2,นางสาววาสนา อยู่ภักดี,ประชาชน,23,607,350,324,7,19,data/raw/pdfs/extracted/เขตเลือกตั้งที่ 2/อำเภอบ้านเขว้า/ต.ชีบน-แบ่งเขต_บัญชีรายชื่อ.pdf,1,manual_review,1.0,ok,Verified manually from official ECT 5/18 PDF page 1 because handwritten votes were not reliable in OCR
ชัยภูมิ,2,5_18,constituency,154,บ้านเขว้า,ชีบน,3,นายเชิงชาย ชาลีรินทร์,เพื่อไทย,280,607,350,324,7,19,data/raw/pdfs/extracted/เขตเลือกตั้งที่ 2/อำเภอบ้านเขว้า/ต.ชีบน-แบ่งเขต_บัญชีรายชื่อ.pdf,1,manual_review,1.0,ok,Verified manually from official ECT 5/18 PDF page 1 because handwritten votes were not reliable in OCR
ชัยภูมิ,2,5_18,constituency,154,บ้านเขว้า,ชีบน,4,นายณรงค์ แขนอก,ประชาธิปัตย์,2,607,350,324,7,19,data/raw/pdfs/extracted/เขตเลือกตั้งที่ 2/อำเภอบ้านเขว้า/ต.ชีบน-แบ่งเขต_บัญชีรายชื่อ.pdf,1,manual_review,1.0,ok,Verified manually from official ECT 5/18 PDF page 1 because handwritten votes were not reliable in OCR
ชัยภูมิ,2,5_18,constituency,154,บ้านเขว้า,ชีบน,5,นายทัศนัย สุขประสาร,ภูมิใจไทย,1,607,350,324,7,19,data/raw/pdfs/extracted/เขตเลือกตั้งที่ 2/อำเภอบ้านเขว้า/ต.ชีบน-แบ่งเขต_บัญชีรายชื่อ.pdf,1,manual_review,1.0,ok,Verified manually from official ECT 5/18 PDF page 1 because handwritten votes were not reliable in OCR
ชัยภูมิ,2,5_18,constituency,154,บ้านเขว้า,ชีบน,6,นายโสโชค สู้โนนตาด,รวมไทยสร้างชาติ,2,607,350,324,7,19,data/raw/pdfs/extracted/เขตเลือกตั้งที่ 2/อำเภอบ้านเขว้า/ต.ชีบน-แบ่งเขต_บัญชีรายชื่อ.pdf,1,manual_review,1.0,ok,Verified manually from official ECT 5/18 PDF page 1 because handwritten votes were not reliable in OCR
ชัยภูมิ,2,5_18,constituency,154,บ้านเขว้า,ชีบน,8,นายกวัสย์ หงษ์ไทย,เศรษฐกิจ,8,607,350,324,7,19,data/raw/pdfs/extracted/เขตเลือกตั้งที่ 2/อำเภอบ้านเขว้า/ต.ชีบน-แบ่งเขต_บัญชีรายชื่อ.pdf,1,manual_review,1.0,ok,Verified manually from official ECT 5/18 PDF page 1 because handwritten votes were not reliable in OCR
ชัยภูมิ,2,5_18,constituency,215,บ้านเขว้า,ทุ่งทอง,1,นายประเสริฐศักดิ์ จำหนัก,ไทยก้าวใหม่,3,595,387,351,16,20,data/raw/pdfs/extracted/เขตเลือกตั้งที่ 2/อำเภอบ้านเขว้า/ต.ทุ่งทอง-แบ่งเขต_บัญชีรายชื่อ.pdf,1,manual_review,1.0,ok,Verified manually from official ECT 5/18 PDF page 1 because handwritten votes were not reliable in OCR
ชัยภูมิ,2,5_18,constituency,215,บ้านเขว้า,ทุ่งทอง,2,นางสาววาสนา อยู่ภักดี,ประชาชน,55,595,387,351,16,20,data/raw/pdfs/extracted/เขตเลือกตั้งที่ 2/อำเภอบ้านเขว้า/ต.ทุ่งทอง-แบ่งเขต_บัญชีรายชื่อ.pdf,1,manual_review,1.0,ok,Verified manually from official ECT 5/18 PDF page 1 because handwritten votes were not reliable in OCR
ชัยภูมิ,2,5_18,constituency,215,บ้านเขว้า,ทุ่งทอง,3,นายเชิงชาย ชาลีรินทร์,เพื่อไทย,267,595,387,351,16,20,data/raw/pdfs/extracted/เขตเลือกตั้งที่ 2/อำเภอบ้านเขว้า/ต.ทุ่งทอง-แบ่งเขต_บัญชีรายชื่อ.pdf,1,manual_review,1.0,ok,Verified manually from official ECT 5/18 PDF page 1 because handwritten votes were not reliable in OCR
ชัยภูมิ,2,5_18,constituency,215,บ้านเขว้า,ทุ่งทอง,4,นายณรงค์ แขนอก,ประชาธิปัตย์,9,595,387,351,16,20,data/raw/pdfs/extracted/เขตเลือกตั้งที่ 2/อำเภอบ้านเขว้า/ต.ทุ่งทอง-แบ่งเขต_บัญชีรายชื่อ.pdf,1,manual_review,1.0,ok,Verified manually from official ECT 5/18 PDF page 1 because handwritten votes were not reliable in OCR
ชัยภูมิ,2,5_18,constituency,215,บ้านเขว้า,ทุ่งทอง,5,นายทัศนัย สุขประสาร,ภูมิใจไทย,7,595,387,351,16,20,data/raw/pdfs/extracted/เขตเลือกตั้งที่ 2/อำเภอบ้านเขว้า/ต.ทุ่งทอง-แบ่งเขต_บัญชีรายชื่อ.pdf,1,manual_review,1.0,ok,Verified manually from official ECT 5/18 PDF page 1 because handwritten votes were not reliable in OCR
ชัยภูมิ,2,5_18,constituency,215,บ้านเขว้า,ทุ่งทอง,6,นายโสโชค สู้โนนตาด,รวมไทยสร้างชาติ,7,595,387,351,16,20,data/raw/pdfs/extracted/เขตเลือกตั้งที่ 2/อำเภอบ้านเขว้า/ต.ทุ่งทอง-แบ่งเขต_บัญชีรายชื่อ.pdf,1,manual_review,1.0,ok,Verified manually from official ECT 5/18 PDF page 1 because handwritten votes were not reliable in OCR
ชัยภูมิ,2,5_18,constituency,215,บ้านเขว้า,ทุ่งทอง,8,นายกวัสย์ หงษ์ไทย,เศรษฐกิจ,3,595,387,351,16,20,data/raw/pdfs/extracted/เขตเลือกตั้งที่ 2/อำเภอบ้านเขว้า/ต.ทุ่งทอง-แบ่งเขต_บัญชีรายชื่อ.pdf,1,manual_review,1.0,ok,Verified manually from official ECT 5/18 PDF page 1 because handwritten votes were not reliable in OCR
ชัยภูมิ,2,5_18,constituency,288,เนินสง่า,กะฮาด,1,นายประเสริฐศักดิ์ จำหนัก,ไทยก้าวใหม่,0,128,113,107,5,1,data/raw/pdfs/extracted/เขตเลือกตั้งที่ 2/อำเภอเนินสง่า/กะฮาด-001-แบ่งเขต.PDF,1,manual_review,1.0,ok,Verified manually from official ECT 5/18 PDF page 1 because handwritten votes were not reliable in OCR
ชัยภูมิ,2,5_18,constituency,288,เนินสง่า,กะฮาด,2,นางสาววาสนา อยู่ภักดี,ประชาชน,25,128,113,107,5,1,data/raw/pdfs/extracted/เขตเลือกตั้งที่ 2/อำเภอเนินสง่า/กะฮาด-001-แบ่งเขต.PDF,1,manual_review,1.0,ok,Verified manually from official ECT 5/18 PDF page 1 because handwritten votes were not reliable in OCR
ชัยภูมิ,2,5_18,constituency,288,เนินสง่า,กะฮาด,3,นายเชิงชาย ชาลีรินทร์,เพื่อไทย,68,128,113,107,5,1,data/raw/pdfs/extracted/เขตเลือกตั้งที่ 2/อำเภอเนินสง่า/กะฮาด-001-แบ่งเขต.PDF,1,manual_review,1.0,ok,Verified manually from official ECT 5/18 PDF page 1 because handwritten votes were not reliable in OCR
ชัยภูมิ,2,5_18,constituency,288,เนินสง่า,กะฮาด,4,นายณรงค์ แขนอก,ประชาธิปัตย์,4,128,113,107,5,1,data/raw/pdfs/extracted/เขตเลือกตั้งที่ 2/อำเภอเนินสง่า/กะฮาด-001-แบ่งเขต.PDF,1,manual_review,1.0,ok,Verified manually from official ECT 5/18 PDF page 1 because handwritten votes were not reliable in OCR
ชัยภูมิ,2,5_18,constituency,288,เนินสง่า,กะฮาด,5,นายทัศนัย สุขประสาร,ภูมิใจไทย,7,128,113,107,5,1,data/raw/pdfs/extracted/เขตเลือกตั้งที่ 2/อำเภอเนินสง่า/กะฮาด-001-แบ่งเขต.PDF,1,manual_review,1.0,ok,Verified manually from official ECT 5/18 PDF page 1 because handwritten votes were not reliable in OCR
ชัยภูมิ,2,5_18,constituency,288,เนินสง่า,กะฮาด,6,นายโสโชค สู้โนนตาด,รวมไทยสร้างชาติ,1,128,113,107,5,1,data/raw/pdfs/extracted/เขตเลือกตั้งที่ 2/อำเภอเนินสง่า/กะฮาด-001-แบ่งเขต.PDF,1,manual_review,1.0,ok,Verified manually from official ECT 5/18 PDF page 1 because handwritten votes were not reliable in OCR
ชัยภูมิ,2,5_18,constituency,288,เนินสง่า,กะฮาด,8,นายกวัสย์ หงษ์ไทย,เศรษฐกิจ,2,128,113,107,5,1,data/raw/pdfs/extracted/เขตเลือกตั้งที่ 2/อำเภอเนินสง่า/กะฮาด-001-แบ่งเขต.PDF,1,manual_review,1.0,ok,Verified manually from official ECT 5/18 PDF page 1 because handwritten votes were not reliable in OCR
